"SYMBOL","OPEN","HIGH","LOW","CLOSE","LAST","PREVCLOSE","DATE"
"TATAMOTORS",185.15,186.7,183.6,184.45,184.25,185.15,2020-01-01
"TATAMOTORS",185,194.7,184.6,193.75,193.85,184.45,2020-01-02
"TATAMOTORS",192.9,195.65,189.25,191.1,191.25,193.75,2020-01-03
"TATAMOTORS",191,191,185.05,185.65,185.4,191.1,2020-01-06
"TATAMOTORS",187,189.4,182.3,184.7,184.35,185.65,2020-01-07
"TATAMOTORS",180.2,184.2,180.2,182.55,182.75,184.7,2020-01-08
"TATAMOTORS",184.85,192.75,184.25,192,192.4,182.55,2020-01-09
"TATAMOTORS",192,199,190,196.35,194.25,192,2020-01-10
"TATAMOTORS",194.75,197.75,191.4,196.25,195.9,196.35,2020-01-13
"TATAMOTORS",195.7,198.25,193.6,195.85,195.2,196.25,2020-01-14
"TATAMOTORS",195,201.7,194,200.35,199.7,195.85,2020-01-15
"TATAMOTORS",199.5,200.6,196.9,197.55,197.25,200.35,2020-01-16
"TATAMOTORS",197.25,199.45,195.7,197.3,196.7,197.55,2020-01-17
"TATAMOTORS",198,201.45,194.3,195,195.55,197.3,2020-01-20
"TATAMOTORS",195.5,196.4,190.2,191.4,190.25,195,2020-01-21
"TATAMOTORS",191.95,192.5,184.25,185.6,185.6,191.4,2020-01-22
"TATAMOTORS",186.75,190.4,183.8,188.4,188.1,185.6,2020-01-23
"TATAMOTORS",188,191,185,186.5,186.9,188.4,2020-01-24
"TATAMOTORS",185.7,186.9,180.85,182.2,182.35,186.5,2020-01-27
"TATAMOTORS",183.9,184.3,174.9,176.1,176.4,182.2,2020-01-28
"TATAMOTORS",178.8,188.9,178.55,188.05,188.1,176.1,2020-01-29
"TATAMOTORS",190.95,192.55,184.25,186.2,186.3,188.05,2020-01-30
"TATAMOTORS",186.3,188.35,175.95,176.6,176.9,186.2,2020-01-31
"TATAMOTORS",175.4,178.8,163.7,165.6,165.4,176.6,2020-02-01
"TATAMOTORS",163.5,168.3,159.55,163.85,164.4,165.6,2020-02-03
"TATAMOTORS",166.55,168.6,161.2,165.7,166.35,163.85,2020-02-04
"TATAMOTORS",167.4,184.95,166.6,183.75,183.4,165.7,2020-02-05
"TATAMOTORS",182,183.4,175.75,178.85,178.5,183.75,2020-02-06
"TATAMOTORS",177.4,178.15,173,173.6,173.5,178.85,2020-02-07
"TATAMOTORS",173.2,173.2,168,168.9,169,173.6,2020-02-10
"TATAMOTORS",171.85,175.15,168.4,169.75,170.05,168.9,2020-02-11
"TATAMOTORS",173,173.3,169,170.95,171.1,169.75,2020-02-12
"TATAMOTORS",171.35,172.35,168.1,169.5,169.65,170.95,2020-02-13
"TATAMOTORS",172,176.2,168.3,169.1,169.65,169.5,2020-02-14
"TATAMOTORS",170.4,171.35,166.35,169.1,170,169.1,2020-02-17
"TATAMOTORS",168,168,158.6,161.6,162.55,169.1,2020-02-18
"TATAMOTORS",162.85,164.6,153.05,158.05,158.1,161.6,2020-02-19
"TATAMOTORS",157.95,162.3,156,158.5,158.75,158.05,2020-02-20
"TATAMOTORS",154,155.9,149.6,150.65,150.6,158.5,2020-02-24
"TATAMOTORS",152.2,153.4,147.45,149.9,150.45,150.65,2020-02-25
"TATAMOTORS",146.9,147.9,143.7,144.55,144.5,149.9,2020-02-26
"TATAMOTORS",144.15,146.75,141.1,145.25,145.3,144.55,2020-02-27
"TATAMOTORS",138.85,139.6,127.05,128.95,129.65,145.25,2020-02-28
"TATAMOTORS",133,133.9,123.8,125.4,125.1,128.95,2020-03-02
"TATAMOTORS",127.5,131.4,125.25,130.35,130.4,125.4,2020-03-03
"TATAMOTORS",129.6,129.6,120.55,126.2,126.4,130.35,2020-03-04
"TATAMOTORS",127.55,129.15,124.25,125.75,124.75,126.2,2020-03-05
"TATAMOTORS",115,117.3,112.8,114.2,113.8,125.75,2020-03-06
"TATAMOTORS",109,109.85,104.25,105.7,104.9,114.2,2020-03-09
"TATAMOTORS",104.85,106.5,97.8,98.9,98.35,105.7,2020-03-11
"TATAMOTORS",91.1,94.9,84.1,88,88.95,98.9,2020-03-12
"TATAMOTORS",81.9,94.15,78.05,89.75,90.5,88,2020-03-13
"TATAMOTORS",85.6,87.65,82.2,82.95,82.6,89.75,2020-03-16
"TATAMOTORS",83.05,85,77.4,77.95,77.5,82.95,2020-03-17
"TATAMOTORS",79.9,80.45,75.1,75.5,75.4,77.95,2020-03-18
"TATAMOTORS",70,76.5,68.75,72.95,72.9,75.5,2020-03-19
"TATAMOTORS",74,79.6,72.65,77.3,77.8,72.95,2020-03-20
"TATAMOTORS",70,72,66,66.2,66.7,77.3,2020-03-23
"TATAMOTORS",69.9,71.5,63.5,68.55,68.95,66.2,2020-03-24
"TATAMOTORS",67.75,71.7,67.25,70.25,70.1,68.55,2020-03-25
"TATAMOTORS",71.45,73.5,68.3,70.8,70.95,70.25,2020-03-26
"TATAMOTORS",72.05,75.9,69.35,70.7,70.7,70.8,2020-03-27
"TATAMOTORS",68.8,70,67.25,68.15,68.4,70.7,2020-03-30
"TATAMOTORS",70.6,71.5,68.2,71.05,70.75,68.15,2020-03-31
"TATAMOTORS",70.5,71.65,67.55,67.95,67.95,71.05,2020-04-01
"TATAMOTORS",66.9,66.9,64.8,65.3,65.45,67.95,2020-04-03
"TATAMOTORS",68.55,69.3,66.9,67.25,67.2,65.3,2020-04-07
"TATAMOTORS",66.5,71.6,65.4,67.6,67.75,67.25,2020-04-08
"TATAMOTORS",69.6,76.25,69.1,74.6,74.5,67.6,2020-04-09
"TATAMOTORS",76,77.6,72.7,74.25,74.5,74.6,2020-04-13
"TATAMOTORS",75.4,78.7,71.95,72.9,73.1,74.25,2020-04-15
"TATAMOTORS",71.75,75.4,71,74.65,75.1,72.9,2020-04-16
"TATAMOTORS",78.3,78.3,74.7,76.85,76.85,74.65,2020-04-17
"TATAMOTORS",76.85,83.4,75.5,80.45,80.1,76.85,2020-04-20
"TATAMOTORS",78,78,74,74.65,74.45,80.45,2020-04-21
"TATAMOTORS",74.45,76.55,72.55,75.9,76.15,74.65,2020-04-22
"TATAMOTORS",76.75,78.65,75.4,75.65,75.9,75.9,2020-04-23
"TATAMOTORS",75,76.9,74,74.2,74.3,75.65,2020-04-24
"TATAMOTORS",75.9,76.2,74.8,75.25,75.15,74.2,2020-04-27
"TATAMOTORS",75.65,78.2,75.2,76.95,76.85,75.25,2020-04-28
"TATAMOTORS",77.45,79.3,76.55,78.15,78.15,76.95,2020-04-29
"TATAMOTORS",85.95,93.75,85.95,93.25,93.75,78.15,2020-04-30
"TATAMOTORS",87,87.2,81.5,83.9,84.05,93.25,2020-05-04
"TATAMOTORS",86,86.8,80.4,80.9,81,83.9,2020-05-05
"TATAMOTORS",81.55,83.95,80.35,83.2,83.7,80.9,2020-05-06
"TATAMOTORS",82.9,84.65,82.1,82.5,82.55,83.2,2020-05-07
"TATAMOTORS",84.5,84.95,80.55,81.05,81.2,82.5,2020-05-08
"TATAMOTORS",81.45,90.65,81.4,86.1,85.85,81.05,2020-05-11
"TATAMOTORS",85.95,87.7,83.5,86.2,86.45,86.1,2020-05-12
"TATAMOTORS",92.5,92.5,86.25,87.2,88,86.2,2020-05-13
"TATAMOTORS",83.95,85.3,82.55,83.8,83.9,87.2,2020-05-14
"TATAMOTORS",84.7,85.35,82.8,84.35,84.15,83.8,2020-05-15
"TATAMOTORS",84.5,84.5,79.6,80.65,80.9,84.35,2020-05-18
"TATAMOTORS",82.5,85.65,81.5,81.8,82.3,80.65,2020-05-19
"TATAMOTORS",81.25,84.4,80.7,83.45,83.65,81.8,2020-05-20
"TATAMOTORS",83.1,85.2,82.9,84.1,83.95,83.45,2020-05-21
"TATAMOTORS",83.4,83.9,82,82.8,83.05,84.1,2020-05-22
"TATAMOTORS",83.9,85.7,82.6,83.1,83.25,82.8,2020-05-26
"TATAMOTORS",84.1,86,84,84.55,84.7,83.1,2020-05-27
"TATAMOTORS",86,88.15,84.55,87,87.15,84.55,2020-05-28
"TATAMOTORS",85.55,87.5,84.65,87,86.7,87,2020-05-29
"TATAMOTORS",88.9,91.2,88,89.55,89.6,87,2020-06-01
"TATAMOTORS",90,97.3,89.75,96.5,96.15,89.55,2020-06-02
"TATAMOTORS",100,101.45,97.4,98.75,98.5,96.5,2020-06-03
"TATAMOTORS",99,101.4,96.8,98.5,98.75,98.75,2020-06-04
"TATAMOTORS",100.45,112.45,99.05,110.75,111.95,98.5,2020-06-05
"TATAMOTORS",114,119.15,113.35,115.45,115.65,110.75,2020-06-08
"TATAMOTORS",117.45,117.9,110.25,111.45,111.25,115.45,2020-06-09
"TATAMOTORS",111,113,108.5,111.4,112.2,111.45,2020-06-10
"TATAMOTORS",109.9,111.15,105,106.15,106.1,111.4,2020-06-11
"TATAMOTORS",98,106.25,98,105.3,104.75,106.15,2020-06-12
"TATAMOTORS",104.65,104.65,100.05,100.5,100.65,105.3,2020-06-15
"TATAMOTORS",102,103.5,92,94.75,94.6,100.5,2020-06-16
"TATAMOTORS",93,96.4,91.8,95.4,95.35,94.75,2020-06-17
"TATAMOTORS",95,97.2,94.15,96.35,96.5,95.4,2020-06-18
"TATAMOTORS",96.5,103.9,95.6,102.5,101.9,96.35,2020-06-19
"TATAMOTORS",102.35,104.9,101,102.65,102.55,102.5,2020-06-22
"TATAMOTORS",103,106,101.9,104.4,104.4,102.65,2020-06-23
"TATAMOTORS",105.25,110.8,104.2,104.8,105.15,104.4,2020-06-24
"TATAMOTORS",103.85,106.3,101.65,103.8,104,104.8,2020-06-25
"TATAMOTORS",105.4,106.05,100.35,101.4,102,103.8,2020-06-26
"TATAMOTORS",101.4,101.4,98.05,99.45,99.7,101.4,2020-06-29
"TATAMOTORS",101.75,102.3,97.3,98.25,98.75,99.45,2020-06-30
"TATAMOTORS",99,101.45,98.2,100.75,100.5,98.25,2020-07-01
"TATAMOTORS",100.75,102.95,100.4,101.55,101.65,100.75,2020-07-02
"TATAMOTORS",102.85,106.35,102.1,103.45,103.4,101.55,2020-07-03
"TATAMOTORS",105,109.9,104.5,109,109,103.45,2020-07-06
"TATAMOTORS",109.8,112.6,108.05,109.05,108.95,109,2020-07-07
"TATAMOTORS",109.5,110.85,104.2,105.35,105.6,109.05,2020-07-08
"TATAMOTORS",106.3,108.95,104.65,106.95,107.4,105.35,2020-07-09
"TATAMOTORS",106.7,108.6,105.4,107.6,107.25,106.95,2020-07-10
"TATAMOTORS",108.85,112.1,106.85,108,108.3,107.6,2020-07-13
"TATAMOTORS",106.9,107.55,104.1,105.15,105.2,108,2020-07-14
"TATAMOTORS",106.8,106.8,102.5,103.2,103.45,105.15,2020-07-15
"TATAMOTORS",103.95,103.95,100.6,102.95,102.95,103.2,2020-07-16
"TATAMOTORS",103.65,106.95,103.3,106.4,106.35,102.95,2020-07-17
"TATAMOTORS",106.35,106.35,103.85,105.05,104.95,106.4,2020-07-20
"TATAMOTORS",106,109.7,105.5,108.45,108.15,105.05,2020-07-21
"TATAMOTORS",108.5,109.75,104.25,105.15,105.45,108.45,2020-07-22
"TATAMOTORS",105.45,106.45,104.7,106.05,106,105.15,2020-07-23
"TATAMOTORS",104.7,105.5,102.7,103.75,103.65,106.05,2020-07-24
"TATAMOTORS",104,104.5,101.3,101.7,101.9,103.75,2020-07-27
"TATAMOTORS",102.3,107.2,102,106.45,106.2,101.7,2020-07-28
"TATAMOTORS",108.1,108.75,104.85,105.75,105.7,106.45,2020-07-29
"TATAMOTORS",106.4,106.75,102.85,103.65,103.25,105.75,2020-07-30
"TATAMOTORS",104,105.4,102.3,104.65,105.05,103.65,2020-07-31
"TATAMOTORS",103,114.4,102.9,113.05,111.7,104.65,2020-08-03
"TATAMOTORS",112.95,115.1,110.8,111.45,111.15,113.05,2020-08-04
"TATAMOTORS",112.4,117.65,112,115.4,115.55,111.45,2020-08-05
"TATAMOTORS",116.2,117.7,115.5,116.8,117.15,115.4,2020-08-06
"TATAMOTORS",117,119.7,116,119.1,118.9,116.8,2020-08-07
"TATAMOTORS",119.95,124.7,119.7,123.85,123.35,119.1,2020-08-10
"TATAMOTORS",125,125.8,121.4,122.3,122.55,123.85,2020-08-11
"TATAMOTORS",121,126.4,120.6,125.35,125,122.3,2020-08-12
"TATAMOTORS",126.1,131.9,124.4,131.15,131.1,125.35,2020-08-13
"TATAMOTORS",131.15,132.65,123.7,124.6,124.85,131.15,2020-08-14
"TATAMOTORS",124.5,126.25,120.6,123.55,123.7,124.6,2020-08-17
"TATAMOTORS",124,127.5,123.6,125.6,125.55,123.55,2020-08-18
"TATAMOTORS",127,127.6,124.75,125.15,125.3,125.6,2020-08-19
"TATAMOTORS",123.45,125.65,121.1,121.7,121.85,125.15,2020-08-20
"TATAMOTORS",124.2,124.2,120.15,120.9,121.25,121.7,2020-08-21
"TATAMOTORS",122,123,120.8,121.2,121.1,120.9,2020-08-24
"TATAMOTORS",121.8,128.35,121.1,127.1,127.65,121.2,2020-08-25
"TATAMOTORS",130.5,139,128.35,137.9,138.4,127.1,2020-08-26
"TATAMOTORS",140.1,146.85,139.3,144.25,143.6,137.9,2020-08-27
"TATAMOTORS",144.15,146.2,140.5,142.8,142.75,144.25,2020-08-28
"TATAMOTORS",144.5,147.95,138.2,143.2,142.1,142.8,2020-08-31
"TATAMOTORS",143.4,145.15,140.4,143.8,144,143.2,2020-09-01
"TATAMOTORS",144.3,151.65,141.45,150.3,151.5,143.8,2020-09-02
"TATAMOTORS",151.6,155.2,149.55,151.85,151.45,150.3,2020-09-03
"TATAMOTORS",147.9,153.65,147,147.8,147.6,151.85,2020-09-04
"TATAMOTORS",150,152,148,149.4,149,147.8,2020-09-07
"TATAMOTORS",149.45,149.6,141.2,142.3,142.35,149.4,2020-09-08
"TATAMOTORS",141,141.75,135.7,140.1,140.65,142.3,2020-09-09
"TATAMOTORS",142.8,144.5,138,143.3,143.1,140.1,2020-09-10
"TATAMOTORS",143.1,146.8,141.65,144.3,143.65,143.3,2020-09-11
"TATAMOTORS",147.2,151.1,145.5,148.55,147.15,144.3,2020-09-14
"TATAMOTORS",149.4,149.4,146.55,148.4,148.9,148.55,2020-09-15
"TATAMOTORS",149.2,154.3,148.55,151.45,151,148.4,2020-09-16
"TATAMOTORS",150.8,151,146.2,147.65,147.75,151.45,2020-09-17
"TATAMOTORS",148.7,150.5,146.25,147.9,147.75,147.65,2020-09-18
"TATAMOTORS",147.75,147.75,135.5,137.45,136.3,147.9,2020-09-21
"TATAMOTORS",138,138.15,129.65,133.1,133.85,137.45,2020-09-22
"TATAMOTORS",135.5,136.7,127.9,131.4,131.4,133.1,2020-09-23
"TATAMOTORS",127.9,128.8,122.15,122.8,122.75,131.4,2020-09-24
"TATAMOTORS",123.7,128.35,123.1,127.25,127,122.8,2020-09-25
"TATAMOTORS",128.9,134.3,127.5,132.85,133.1,127.25,2020-09-28
"TATAMOTORS",134.95,136,130.7,131.7,131.95,132.85,2020-09-29
"TATAMOTORS",131.55,134.4,130.3,133.3,133.4,131.7,2020-09-30
"TATAMOTORS",135.9,136.5,132.55,133.5,133.85,133.3,2020-10-01
"TATAMOTORS",136.95,137.5,132.05,133.9,134.2,133.5,2020-10-05
"TATAMOTORS",138,145.8,136,144.75,144.45,133.9,2020-10-06
"TATAMOTORS",144.25,144.5,139.8,141,141.15,144.75,2020-10-07
"TATAMOTORS",142.85,143.5,139.6,140.95,141.15,141,2020-10-08
"TATAMOTORS",141.15,142.65,138,138.45,138.6,140.95,2020-10-09
"TATAMOTORS",139.65,139.65,133,135.9,135.9,138.45,2020-10-12
"TATAMOTORS",135.4,137.1,132.85,134.1,133.95,135.9,2020-10-13
"TATAMOTORS",133.75,134.65,128.8,130.7,130.5,134.1,2020-10-14
"TATAMOTORS",131.5,134.35,126.5,126.95,126.55,130.7,2020-10-15
"TATAMOTORS",129.4,130.05,126,127.75,127.8,126.95,2020-10-16
"TATAMOTORS",129.8,130.4,127.8,128.25,128.25,127.75,2020-10-19
"TATAMOTORS",128.1,130.3,126.35,129.65,129.35,128.25,2020-10-20
"TATAMOTORS",131.05,133.1,128.3,130.25,130.6,129.65,2020-10-21
"TATAMOTORS",129.7,134.6,128.45,133.5,134.25,130.25,2020-10-22
"TATAMOTORS",134.9,138.9,134.1,137,136.65,133.5,2020-10-23
"TATAMOTORS",138.4,140.8,131.25,133.7,133.65,137,2020-10-26
"TATAMOTORS",134.15,136.75,130.85,135.65,136.65,133.7,2020-10-27
"TATAMOTORS",139,143.25,133.5,134.8,134.75,135.65,2020-10-28
"TATAMOTORS",132,133,130,131.9,132,134.8,2020-10-29
"TATAMOTORS",133.2,134.5,130.3,132.65,133.2,131.9,2020-10-30
"TATAMOTORS",133.65,134,131.1,132.85,132.7,132.65,2020-11-02
"TATAMOTORS",135,137.4,133.55,134.1,133.9,132.85,2020-11-03
"TATAMOTORS",135.6,137,134,135.9,135.65,134.1,2020-11-04
"TATAMOTORS",137,138,136,137.65,137.65,135.9,2020-11-05
"TATAMOTORS",137.65,142.3,137.65,139,138.7,137.65,2020-11-06
"TATAMOTORS",140.6,141.5,138.7,141,141.05,139,2020-11-09
"TATAMOTORS",144.05,146.7,142.75,146,145.9,141,2020-11-10
"TATAMOTORS",146.5,151.5,145.65,150.95,151.1,146,2020-11-11
"TATAMOTORS",150.95,153.85,150,151.2,151.15,150.95,2020-11-12
"TATAMOTORS",150,150,145.35,146.35,146.2,151.2,2020-11-13
"TATAMOTORS",148.7,150.8,148,148.85,148.45,146.35,2020-11-14
"TATAMOTORS",152.5,159.35,152.2,158,158,148.85,2020-11-17
"TATAMOTORS",158.85,178.8,158.55,173.5,173,158,2020-11-18
"TATAMOTORS",171.4,176.35,166.55,167.95,166.95,173.5,2020-11-19
"TATAMOTORS",170.05,171.55,165.55,169.1,168.3,167.95,2020-11-20
"TATAMOTORS",169.5,173.9,165.55,170.7,170.45,169.1,2020-11-23
"TATAMOTORS",171.85,175.5,171.1,172.05,172,170.7,2020-11-24
"TATAMOTORS",175,176.8,169.25,171.45,170.95,172.05,2020-11-25
"TATAMOTORS",171.6,175,171.05,173.75,174.65,171.45,2020-11-26
"TATAMOTORS",174.65,183.85,174.65,180.35,178.65,173.75,2020-11-27
"TATAMOTORS",182.35,182.4,178.1,179.75,179.85,180.35,2020-12-01
"TATAMOTORS",184,187.35,181.1,183.6,183.3,179.75,2020-12-02
"TATAMOTORS",185,186,183.25,184.85,185,183.6,2020-12-03
"TATAMOTORS",186.5,188.8,182.2,184.15,184.25,184.85,2020-12-04
"TATAMOTORS",184.45,186.45,182.7,183.55,183.9,184.15,2020-12-07
"TATAMOTORS",184.95,185.7,178.95,181.8,181.75,183.55,2020-12-08
"TATAMOTORS",183,186.4,181.65,182.7,182.85,181.8,2020-12-09
"TATAMOTORS",182.7,182.7,176.4,177.6,177.95,182.7,2020-12-10
"TATAMOTORS",177.95,181.45,176.5,178.85,178.2,177.6,2020-12-11
"TATAMOTORS",181,181.5,176.7,177.65,177.9,178.85,2020-12-14
"TATAMOTORS",176.45,179.7,173.25,178.9,178.9,177.65,2020-12-15
"TATAMOTORS",181,183.8,180.1,182.55,182.25,178.9,2020-12-16
"TATAMOTORS",184,184,180.65,181.7,181.3,182.55,2020-12-17
"TATAMOTORS",180.9,181.5,176.65,180.55,180.4,181.7,2020-12-18
"TATAMOTORS",176,177.55,162.5,164.55,163.5,180.55,2020-12-21
"TATAMOTORS",164.55,169.2,156.7,164.95,165.05,164.55,2020-12-22
"TATAMOTORS",165,169.7,163.4,169.2,169.5,164.95,2020-12-23
"TATAMOTORS",172,178,172,175.95,175.8,169.2,2020-12-24
"TATAMOTORS",179.85,187.4,179,186.35,186,175.95,2020-12-28
"TATAMOTORS",187.9,188.45,181.1,183.45,183.5,186.35,2020-12-29
"TATAMOTORS",183.1,185.4,180.4,184.15,184.85,183.45,2020-12-30
"TATAMOTORS",184.85,187.5,182.8,183.85,183.5,184.15,2020-12-31
"TATAMOTORS",184.95,187,184.5,186.5,186.55,183.85,2021-01-01
"TATAMOTORS",191.8,193,188.75,191.3,191.15,186.5,2021-01-04
"TATAMOTORS",187.1,193.9,185.05,193.2,193,191.3,2021-01-05
"TATAMOTORS",194.45,197.6,190.65,195.4,194.9,193.2,2021-01-06
"TATAMOTORS",197,200.35,195.1,196.75,196.5,195.4,2021-01-07
"TATAMOTORS",198.75,201.5,197.1,198.15,197.85,196.75,2021-01-08
"TATAMOTORS",199.9,225.4,199.65,220.65,223.2,198.15,2021-01-11
"TATAMOTORS",227,252.4,224.1,237.8,237.25,220.65,2021-01-12
"TATAMOTORS",242.9,248.8,238.4,242.6,242.85,237.8,2021-01-13
"TATAMOTORS",242.85,249.8,238.6,245.1,245.25,242.6,2021-01-14
"TATAMOTORS",246,264.65,242.6,260.3,261.6,245.1,2021-01-15
"TATAMOTORS",261.65,262.45,241.15,245.95,244.5,260.3,2021-01-18
"TATAMOTORS",251.5,261.7,251.3,258.65,258.75,245.95,2021-01-19
"TATAMOTORS",260,277.5,258.85,274.9,274.4,258.65,2021-01-20
"TATAMOTORS",281,299,280,290.6,292.45,274.9,2021-01-21
"TATAMOTORS",295.95,306.9,278.35,289.35,290.85,290.6,2021-01-22
"TATAMOTORS",296.9,299.5,277.35,279.15,278.7,289.35,2021-01-25
"TATAMOTORS",274.9,275,265.7,267.5,266.75,279.15,2021-01-27
"TATAMOTORS",260.05,273.4,259.05,266.8,266,267.5,2021-01-28
"TATAMOTORS",273,278.8,260.6,262.7,262.35,266.8,2021-01-29
"TATAMOTORS",269.75,282,255.35,279.6,280.3,262.7,2021-02-01
"TATAMOTORS",293.6,328.85,290.4,322,326.95,279.6,2021-02-02
"TATAMOTORS",339.2,341.9,326.2,331,331.2,322,2021-02-03
"TATAMOTORS",329,334.5,322.45,326.15,326.1,331,2021-02-04
"TATAMOTORS",327.6,330,312.6,315.9,318.45,326.15,2021-02-05
"TATAMOTORS",318.75,339.25,318,335.95,336.55,315.9,2021-02-08
"TATAMOTORS",337,338.5,322.2,325.05,325.85,335.95,2021-02-09
"TATAMOTORS",326,332.65,319.5,328.9,328.55,325.05,2021-02-10
"TATAMOTORS",326.45,331.35,323.4,325,324.9,328.9,2021-02-11
"TATAMOTORS",326.4,330.5,321.25,325.4,324.55,325,2021-02-12
"TATAMOTORS",329.9,335.8,324,333.35,331.9,325.4,2021-02-15
"TATAMOTORS",335.45,337.9,327.5,329.2,329,333.35,2021-02-16
"TATAMOTORS",326.9,334.25,325.45,330.15,329.7,329.2,2021-02-17
"TATAMOTORS",331.5,331.75,321.1,323.85,323,330.15,2021-02-18
"TATAMOTORS",321.95,321.95,301.4,311.85,312.45,323.85,2021-02-19
"TATAMOTORS",312.45,313.9,302.15,304.5,302.6,311.85,2021-02-22
"TATAMOTORS",308.5,328.9,308.5,324,324.6,304.5,2021-02-23
"TATAMOTORS",325,330,316.5,321.65,321.2,324,2021-02-24
"TATAMOTORS",325.35,334.7,323.25,333.15,333.6,321.65,2021-02-25
"TATAMOTORS",323,332.95,318.85,322.95,321.9,333.15,2021-02-26
"TATAMOTORS",330,331.85,322.7,328.3,327.7,322.95,2021-03-01
"TATAMOTORS",331.1,347.2,326.45,345.75,345.25,328.3,2021-03-02
"TATAMOTORS",348.65,357,346.5,348.5,347.1,345.75,2021-03-03
"TATAMOTORS",339,345.4,337.3,339.2,340,348.5,2021-03-04
"TATAMOTORS",333,337.85,319.7,325.15,326.45,339.2,2021-03-05
"TATAMOTORS",331.75,331.75,318.8,321.25,321.35,325.15,2021-03-08
"TATAMOTORS",325,328.35,309.6,315.2,315.15,321.25,2021-03-09
"TATAMOTORS",319.5,324.45,316.7,321.45,321.75,315.2,2021-03-10
"TATAMOTORS",325.05,326.5,314.15,317.55,317.45,321.45,2021-03-12
"TATAMOTORS",320,320.4,310.05,318.55,318.2,317.55,2021-03-15
"TATAMOTORS",321,321.9,315.1,319.95,319,318.55,2021-03-16
"TATAMOTORS",318.6,320,304,305.8,305.5,319.95,2021-03-17
"TATAMOTORS",311,316.6,299.75,307,308,305.8,2021-03-18
"TATAMOTORS",303.5,311,290.2,308.95,308.2,307,2021-03-19
"TATAMOTORS",306.45,307.5,300.1,303.05,302.85,308.95,2021-03-22
"TATAMOTORS",305,312.25,304,307.4,306.9,303.05,2021-03-23
"TATAMOTORS",303.55,305,293.2,294.45,294.75,307.4,2021-03-24
"TATAMOTORS",294,294,282.25,285.55,286,294.45,2021-03-25
"TATAMOTORS",290.5,301.4,290.5,296.4,296.75,285.55,2021-03-26
"TATAMOTORS",300.5,301.3,292.7,297.05,297.05,296.4,2021-03-30
"TATAMOTORS",299,307.5,297.5,301.8,301.45,297.05,2021-03-31
"TATAMOTORS",306.75,309.85,303.05,307.75,307.25,301.8,2021-04-01
"TATAMOTORS",306.8,311.7,297.2,305.05,305.5,307.75,2021-04-05
"TATAMOTORS",306.15,313.8,304.8,307.75,308,305.05,2021-04-06
"TATAMOTORS",306.75,310.65,305.1,307.8,307.65,307.75,2021-04-07
"TATAMOTORS",307.9,319.8,307.5,313.95,314,307.8,2021-04-08
"TATAMOTORS",313.2,325,312.5,318.2,317.55,313.95,2021-04-09
"TATAMOTORS",307.85,307.85,282.9,286.55,287.5,318.2,2021-04-12
"TATAMOTORS",287.25,304.55,280.55,302.85,302,286.55,2021-04-13
"TATAMOTORS",303,307.55,296.5,303.5,302.2,302.85,2021-04-15
"TATAMOTORS",302,315,300.15,310,308.75,303.5,2021-04-16
"TATAMOTORS",295,304.5,292.8,301.4,301.7,310,2021-04-19
"TATAMOTORS",307.7,308.15,294.2,298.05,297.4,301.4,2021-04-20
"TATAMOTORS",294,302.5,292.2,294.55,294.5,298.05,2021-04-22
"TATAMOTORS",291,300,290.5,294,293.2,294.55,2021-04-23
"TATAMOTORS",297,299,294.6,295.4,295.85,294,2021-04-26
"TATAMOTORS",295.7,302.5,295.1,301.5,302.1,295.4,2021-04-27
"TATAMOTORS",303.5,309.5,303,305.9,305.15,301.5,2021-04-28
"TATAMOTORS",308.9,310,301.25,301.9,302.2,305.9,2021-04-29
"TATAMOTORS",298.2,301.3,292.55,293.85,293.1,301.9,2021-04-30
"TATAMOTORS",289.3,294.75,285,293,293.1,293.85,2021-05-03
"TATAMOTORS",296.35,299.75,288.05,289.45,289.95,293,2021-05-04
"TATAMOTORS",293.5,293.9,288.5,291.5,292.25,289.45,2021-05-05
"TATAMOTORS",291.5,302,290.3,301.25,301.05,291.5,2021-05-06
"TATAMOTORS",303,305.95,300.5,302.75,301.45,301.25,2021-05-07
"TATAMOTORS",304.5,315.7,304,314.85,314.35,302.75,2021-05-10
"TATAMOTORS",309.55,320.75,308.1,315.55,314.45,314.85,2021-05-11
"TATAMOTORS",318.25,334.75,316.25,326,325.55,315.55,2021-05-12
"TATAMOTORS",329.35,329.5,310,312.25,312.6,326,2021-05-14
"TATAMOTORS",315.4,323.85,311.4,321.1,321.75,312.25,2021-05-17
"TATAMOTORS",325.95,336.65,324,332.45,332,321.1,2021-05-18
"TATAMOTORS",313,322.95,312.1,314.45,314.1,332.45,2021-05-19
"TATAMOTORS",316,316.6,306.1,307.7,308,314.45,2021-05-20
"TATAMOTORS",313.5,313.5,313.3,313.4,313.3,292,2021-05-21
"TATAMOTORS",312,315.7,309.5,313.1,312.4,307.7,2021-05-21
"TATAMOTORS",314.75,315.8,310.2,311.85,311.8,313.1,2021-05-24
"TATAMOTORS",315.55,319,313.85,315.25,314.9,311.85,2021-05-25
"TATAMOTORS",316.1,320,314.8,315.5,315.15,315.25,2021-05-26
"TATAMOTORS",317.05,323.45,316.55,318.6,319,315.5,2021-05-27
"TATAMOTORS",322.65,324.5,316.5,318.75,319.8,318.6,2021-05-28
"TATAMOTORS",318.7,319.75,312.1,318.75,318.9,318.75,2021-05-31
"TATAMOTORS",319.2,325.7,317.3,318.1,318.3,318.75,2021-06-01
"TATAMOTORS",315.95,324.4,315.6,323,322.9,318.1,2021-06-02
"TATAMOTORS",325.3,327.7,323.65,325.65,324.95,323,2021-06-03
"TATAMOTORS",325.15,336.9,324.25,334.95,336.8,325.65,2021-06-04
"TATAMOTORS",339.75,351,339.75,345.5,344.35,334.95,2021-06-07
"TATAMOTORS",346.25,356.65,337.5,352.75,356.5,345.5,2021-06-08
"TATAMOTORS",356.2,358.9,339.75,343.35,343.55,352.75,2021-06-09
"TATAMOTORS",345.2,347.85,342.4,344.75,345.05,343.35,2021-06-10
"TATAMOTORS",346,352.9,344.35,350.75,350,344.75,2021-06-11
"TATAMOTORS",350.05,357.9,341.1,355.95,355.85,350.75,2021-06-14
"TATAMOTORS",355.75,360.75,351.5,352.7,352,355.95,2021-06-15
"TATAMOTORS",350.1,356,348.1,349.35,348.35,352.7,2021-06-16
"TATAMOTORS",348.4,352.9,342.25,345.65,344.9,349.35,2021-06-17
"TATAMOTORS",345.65,346.9,329,337.4,338.7,345.65,2021-06-18
"TATAMOTORS",330.9,335.8,326.2,334.3,334,337.4,2021-06-21
"TATAMOTORS",337.1,344.3,336.15,337.9,337.25,334.3,2021-06-22
"TATAMOTORS",341,343.25,334.3,335.25,335.5,337.9,2021-06-23
"TATAMOTORS",335,337.4,333.35,334.65,335.3,335.25,2021-06-24
"TATAMOTORS",335.9,342.8,335.9,339.65,339.1,334.65,2021-06-25
"TATAMOTORS",340.8,345,337.55,342.8,343,339.65,2021-06-28
"TATAMOTORS",342.65,346.5,339.6,341.55,342.3,342.8,2021-06-29
"TATAMOTORS",342,345.35,338.85,339.6,340,341.55,2021-06-30
"TATAMOTORS",341.5,347.4,341.2,344.25,344.5,339.6,2021-07-01
"TATAMOTORS",345.3,345.55,340.5,344.9,344.9,344.25,2021-07-02
"TATAMOTORS",347.05,350.1,344,346.1,345.8,344.9,2021-07-05
"TATAMOTORS",348,358.2,311.5,316.9,316.6,346.1,2021-07-06
"TATAMOTORS",316,319.1,306.25,317.1,317.25,316.9,2021-07-07
"TATAMOTORS",314.8,314.8,305,306.35,306.15,317.1,2021-07-08
"TATAMOTORS",305.8,308.85,301.85,306.3,307.35,306.35,2021-07-09
"TATAMOTORS",310.8,312,306.1,307.45,307.5,306.3,2021-07-12
"TATAMOTORS",310,312.25,308.15,310.95,310.65,307.45,2021-07-13
"TATAMOTORS",310,313.3,308.65,309.55,309,310.95,2021-07-14
"TATAMOTORS",310.5,312.85,307.6,310.25,310.1,309.55,2021-07-15
"TATAMOTORS",311.1,315.45,310.5,311.25,311.1,310.25,2021-07-16
"TATAMOTORS",308.95,310.3,306,308.85,309.1,311.25,2021-07-19
"TATAMOTORS",307,308,301.05,302.15,301.85,308.85,2021-07-20
"TATAMOTORS",305.5,307.45,301.05,302.55,303.1,302.15,2021-07-22
"TATAMOTORS",300.5,301.9,295,295.55,295.8,302.55,2021-07-23
"TATAMOTORS",295,297,291,293.15,292.75,295.55,2021-07-26
"TATAMOTORS",293,297.65,288.6,291.4,291,293.15,2021-07-27
"TATAMOTORS",290,290.9,283.6,284.45,285,291.4,2021-07-28
"TATAMOTORS",287.55,295.4,287.55,292.9,293.8,284.45,2021-07-29
"TATAMOTORS",294,300,293.25,293.95,294.4,292.9,2021-07-30
"TATAMOTORS",299.15,299.4,295.6,296.85,296.7,293.95,2021-08-02
"TATAMOTORS",298.5,304.5,297.7,303.7,303.65,296.85,2021-08-03
"TATAMOTORS",304.75,306.45,297.2,298.15,298.1,303.7,2021-08-04
"TATAMOTORS",295.5,300.9,292.75,299.7,299.5,298.15,2021-08-05
"TATAMOTORS",300.05,303.4,297.65,300.05,300.2,299.7,2021-08-06
"TATAMOTORS",300.75,304.2,296.05,298.1,297.95,300.05,2021-08-09
"TATAMOTORS",297.9,300.2,291,294.2,294.2,298.1,2021-08-10
"TATAMOTORS",295.3,297.8,286.45,295.45,295.7,294.2,2021-08-11
"TATAMOTORS",297.3,307.4,297.3,306,306.8,295.45,2021-08-12
"TATAMOTORS",308.8,311.5,303.05,307.25,306.5,306,2021-08-13
"TATAMOTORS",305.95,307.85,303.05,303.7,303.5,307.25,2021-08-16
"TATAMOTORS",302.8,302.8,292.8,297.7,296.95,303.7,2021-08-17
"TATAMOTORS",296.9,297.75,292.6,293.35,293.15,297.7,2021-08-18
"TATAMOTORS",289.5,290.7,281,283.1,281.6,293.35,2021-08-20
"TATAMOTORS",287.2,288.3,275,276.95,276.95,283.1,2021-08-23
"TATAMOTORS",278.5,281.5,268.45,279.8,280.8,276.95,2021-08-24
"TATAMOTORS",282.8,289.2,282.45,284.4,284.5,279.8,2021-08-25
"TATAMOTORS",284.85,287.35,281.65,284.3,284.8,284.4,2021-08-26
"TATAMOTORS",282.9,286.8,281.7,285.75,285.6,284.3,2021-08-27
"TATAMOTORS",290.1,293.5,289.9,291.95,291.75,285.75,2021-08-30
"TATAMOTORS",291.75,291.95,286.1,287.3,287.6,291.95,2021-08-31
"TATAMOTORS",289,297.4,287.3,295.25,294.65,287.3,2021-09-01
"TATAMOTORS",295.25,296.3,291.7,293.15,293.05,295.25,2021-09-02
"TATAMOTORS",292.5,296.45,292,295.55,295,293.15,2021-09-03
"TATAMOTORS",297.5,298.95,296,297.45,297,295.55,2021-09-06
"TATAMOTORS",297.35,297.8,290.9,294.6,294.5,297.45,2021-09-07
"TATAMOTORS",293.5,298.8,291.6,295.25,295.05,294.6,2021-09-08
"TATAMOTORS",294,303.5,293.55,298.95,298.4,295.25,2021-09-09
"TATAMOTORS",299,302,295.5,301.2,301.05,298.95,2021-09-13
"TATAMOTORS",302.25,307.2,302.2,306.1,305.75,301.2,2021-09-14
"TATAMOTORS",306.1,313,306.1,311.95,311.5,306.1,2021-09-15
"TATAMOTORS",313.4,315,307.65,311.65,311,311.95,2021-09-16
"TATAMOTORS",312,315.35,306,308.6,308.15,311.65,2021-09-17
"TATAMOTORS",304.9,310.25,297.3,298.95,297.8,308.6,2021-09-20
"TATAMOTORS",298.6,302.7,293.1,301.95,301.6,298.95,2021-09-21
"TATAMOTORS",303.15,313.8,303,310.1,310,301.95,2021-09-22
"TATAMOTORS",313.2,324,313.2,321.5,321,310.1,2021-09-23
"TATAMOTORS",325.1,326.95,316.05,317.95,317.6,321.5,2021-09-24
"TATAMOTORS",323.15,333.6,323.15,331.65,331,317.95,2021-09-27
"TATAMOTORS",334,336,324.5,329.3,328.7,331.65,2021-09-28
"TATAMOTORS",325,333,324,330.25,330.35,329.3,2021-09-29
"TATAMOTORS",331.25,337.9,329.1,333.35,333.7,330.25,2021-09-30
"TATAMOTORS",332.65,337.3,325.7,333.3,332.9,333.35,2021-10-01
"TATAMOTORS",333.3,333.3,333.3,333.3,333.3,313.4,2021-10-04
"TATAMOTORS",336.8,343.25,335.15,342,342,333.3,2021-10-04
"TATAMOTORS",340.45,351.5,338.85,344.95,345,342,2021-10-05
"TATAMOTORS",347,348.7,335,336.05,335.6,344.95,2021-10-06
"TATAMOTORS",341.1,383,339.25,376.5,378.5,336.05,2021-10-07
"TATAMOTORS",385.9,397.55,380,382.95,382.8,376.5,2021-10-08
"TATAMOTORS",390.15,420.9,388,415.75,417.8,382.95,2021-10-11
"TATAMOTORS",423,435.7,413.6,420.85,421.25,415.75,2021-10-12
"TATAMOTORS",462.9,523.85,462.9,506.9,509.7,420.85,2021-10-13
"TATAMOTORS",530,530,492,497.6,496.6,506.9,2021-10-14
"TATAMOTORS",507,525,503.6,509.6,509.8,497.6,2021-10-18
"TATAMOTORS",512.45,517.4,476.05,481.9,484.75,509.6,2021-10-19
"TATAMOTORS",481.8,497,471.25,486.9,489.7,481.9,2021-10-20
"TATAMOTORS",491.75,510.4,485.75,508,508.95,486.9,2021-10-21
"TATAMOTORS",509.9,510.7,487.4,490.9,490.6,508,2021-10-22
"TATAMOTORS",493.9,496,473.25,479.9,478.8,490.9,2021-10-25
"TATAMOTORS",483.5,510,483.25,508.65,508.2,479.9,2021-10-26
"TATAMOTORS",505.75,506.55,496,497.9,496.8,508.65,2021-10-27
"TATAMOTORS",493.9,493.9,478.55,481.05,481.8,497.9,2021-10-28
"TATAMOTORS",482,491.6,467.7,483.7,484.45,481.05,2021-10-29
"TATAMOTORS",486.45,489.7,469.8,485.7,486.4,483.7,2021-11-01
"TATAMOTORS",506.5,510,486.5,487.85,488.05,485.7,2021-11-02
"TATAMOTORS",483.8,495,481.6,484.9,485.2,487.85,2021-11-03
"TATAMOTORS",489.8,493.55,488,489.7,490.05,484.9,2021-11-04
"TATAMOTORS",493.9,504.85,490.25,501.4,501,489.7,2021-11-08
"TATAMOTORS",505,520.65,503.5,509.65,511,501.4,2021-11-09
"TATAMOTORS",506.25,515.95,500.2,510.75,511,509.65,2021-11-10
"TATAMOTORS",510,519,501,503.45,504.5,510.75,2021-11-11
"TATAMOTORS",506.95,509.55,497.35,507.05,507.35,503.45,2021-11-12
"TATAMOTORS",506.25,514.9,504.5,505.45,504.65,507.05,2021-11-15
"TATAMOTORS",506.9,526.85,506.2,519.05,517.95,505.45,2021-11-16
"TATAMOTORS",520.25,536.7,520.25,530.15,528.4,519.05,2021-11-17
"TATAMOTORS",531.45,534.2,501.3,509.7,509.95,530.15,2021-11-18
"TATAMOTORS",512.25,512.25,478.4,486.1,486.4,509.7,2021-11-22
"TATAMOTORS",484.4,499.35,477,495.5,495.9,486.1,2021-11-23
"TATAMOTORS",499,501.8,485.3,488.65,486.9,495.5,2021-11-24
"TATAMOTORS",490.8,495.15,486.5,492.75,494.2,488.65,2021-11-25
"TATAMOTORS",486,486.75,458,460.2,459.4,492.75,2021-11-26
"TATAMOTORS",457,470.75,443.1,461.45,462,460.2,2021-11-29
"TATAMOTORS",466.55,478,455.65,458.6,458.95,461.45,2021-11-30
"TATAMOTORS",467.85,478.4,463.55,475.25,478,458.6,2021-12-01
"TATAMOTORS",479.4,480.45,471.7,479.1,478.5,475.25,2021-12-02
"TATAMOTORS",480,484.7,477.3,480.1,480.3,479.1,2021-12-03
"TATAMOTORS",480.1,480.9,466,467.2,467.95,480.1,2021-12-06
"TATAMOTORS",476.85,484.9,471,481.8,482.3,467.2,2021-12-07
"TATAMOTORS",484.5,495.95,483.5,493.9,493.6,481.8,2021-12-08
"TATAMOTORS",498,498.5,489.55,493.95,493.15,493.9,2021-12-09
"TATAMOTORS",487.75,496.8,486.55,494.45,493.4,493.95,2021-12-10
"TATAMOTORS",499.45,506.4,494.2,495.35,496,494.45,2021-12-13
"TATAMOTORS",491.95,491.95,483.3,489.4,489.4,495.35,2021-12-14
"TATAMOTORS",487.8,497.7,487.25,491.65,489.8,489.4,2021-12-15
"TATAMOTORS",495,496.5,487.4,491.95,492.05,491.65,2021-12-16
"TATAMOTORS",488,488.85,468.2,470.2,470.2,491.95,2021-12-17
"TATAMOTORS",459.9,460,440,447.05,445.55,470.2,2021-12-20
"TATAMOTORS",452.1,460.9,449.85,453.6,453.5,447.05,2021-12-21
"TATAMOTORS",458.15,472.15,458.15,470.5,470.5,453.6,2021-12-22
"TATAMOTORS",476,478,470.95,472.35,472.25,470.5,2021-12-23
"TATAMOTORS",474.9,474.9,460,467.6,468.3,472.35,2021-12-24
"TATAMOTORS",465.7,472.45,460.1,471.15,472.45,467.6,2021-12-27
"TATAMOTORS",475.2,482.8,472.65,480.2,480.35,471.15,2021-12-28
"TATAMOTORS",478.75,481.6,474.25,476,474.75,480.2,2021-12-29
"TATAMOTORS",472.55,476.4,468.6,470.4,472.1,476,2021-12-30
"TATAMOTORS",472.7,483.6,471.85,482.4,482.8,470.4,2021-12-31
"TATAMOTORS",493.5,500.85,492,497.6,496.8,482.4,2022-01-03
"TATAMOTORS",496.8,499,484.05,489.6,489.35,497.6,2022-01-04
"TATAMOTORS",486.95,492.75,483.55,489.75,487.85,489.6,2022-01-05
"TATAMOTORS",481.5,492.95,477.1,488.85,488.4,489.75,2022-01-06
"TATAMOTORS",490.05,495.5,483.75,490.6,489.85,488.85,2022-01-07
"TATAMOTORS",493.1,504.9,491.3,503.7,503.6,490.6,2022-01-10
"TATAMOTORS",503,507.9,498.15,501.3,500.8,503.7,2022-01-11
"TATAMOTORS",505.85,511.85,503.5,507.25,506.3,501.3,2022-01-12
"TATAMOTORS",504,513.8,494.8,511.95,512.55,507.25,2022-01-13
"TATAMOTORS",509,515.4,505.65,509.9,509.4,511.95,2022-01-14
"TATAMOTORS",514.8,526.9,512,525,524.8,509.9,2022-01-17
"TATAMOTORS",527.9,528.5,507.15,510.8,510.95,525,2022-01-18
"TATAMOTORS",510,522.2,504.8,520.85,520.6,510.8,2022-01-19
"TATAMOTORS",519.95,523.2,512,515.7,516.4,520.85,2022-01-20
"TATAMOTORS",510.4,513.85,494.25,501.85,504.85,515.7,2022-01-21
"TATAMOTORS",499.7,504.3,473.35,478.45,477.65,501.85,2022-01-24
"TATAMOTORS",473.8,492.5,467.65,490.55,489.4,478.45,2022-01-25
"TATAMOTORS",480.75,502.7,476.6,494.4,496,490.55,2022-01-27
"TATAMOTORS",500.5,509.35,495.3,497.3,497.3,494.4,2022-01-28
"TATAMOTORS",505,520,498.2,517.75,517.5,497.3,2022-01-31
"TATAMOTORS",508,514.75,493,504.3,504.5,517.75,2022-02-01
"TATAMOTORS",508.6,514.45,505.15,506.4,506.4,504.3,2022-02-02
"TATAMOTORS",509.1,514.3,502.85,504.5,503.8,506.4,2022-02-03
"TATAMOTORS",503.8,507.8,499,500.6,500.5,504.5,2022-02-04
"TATAMOTORS",502.9,504.35,492.5,494.6,493.8,500.6,2022-02-07
"TATAMOTORS",498,498.5,479.15,492.75,492,494.6,2022-02-08
"TATAMOTORS",496.5,503.7,494.7,501.25,501.2,492.75,2022-02-09
"TATAMOTORS",506.7,510.5,504.2,507.45,507.25,501.25,2022-02-10
"TATAMOTORS",503.25,507,497,498.85,497.55,507.45,2022-02-11
"TATAMOTORS",487,488.5,468.8,471.45,471,498.85,2022-02-14
"TATAMOTORS",476.15,505.5,467.3,504,503,471.45,2022-02-15
"TATAMOTORS",504,507.9,496.6,498.45,497.45,504,2022-02-16
"TATAMOTORS",505.9,511.5,498.3,499.95,498.7,498.45,2022-02-17
"TATAMOTORS",498,502.65,491.5,493.15,493.45,499.95,2022-02-18
"TATAMOTORS",490.15,500.4,486.1,494.45,493.8,493.15,2022-02-21
"TATAMOTORS",480.55,486.3,471.45,478.25,478.5,494.45,2022-02-22
"TATAMOTORS",481.75,485.4,475.3,477,477,478.25,2022-02-23
"TATAMOTORS",455.95,461.55,405.45,427.95,425.9,477,2022-02-24
"TATAMOTORS",444.85,465.7,441.6,459.75,460.85,427.95,2022-02-25
"TATAMOTORS",445,457.35,440.45,454.05,453.95,459.75,2022-02-28
"TATAMOTORS",452.95,454.25,444.55,447.6,448.8,454.05,2022-03-02
"TATAMOTORS",458.5,458.5,435,437.1,437.9,447.6,2022-03-03
"TATAMOTORS",431.85,431.85,414.75,417.25,418.4,437.1,2022-03-04
"TATAMOTORS",401.75,401.75,387.5,394,395.75,417.25,2022-03-07
"TATAMOTORS",390.5,395.45,376.35,391.75,391.3,394,2022-03-08
"TATAMOTORS",394.95,409.25,389.5,405.9,407,391.75,2022-03-09
"TATAMOTORS",427,434.95,414,419.6,418.55,405.9,2022-03-10
"TATAMOTORS",413.6,421.15,407.4,418.15,418.05,419.6,2022-03-11
"TATAMOTORS",418.75,419,404,411.7,412.5,418.15,2022-03-14
"TATAMOTORS",409.85,424.2,408,413.65,412,411.7,2022-03-15
"TATAMOTORS",427.05,428.55,420.7,424.9,424,413.65,2022-03-16
"TATAMOTORS",432,435.7,429.55,433.8,434.3,424.9,2022-03-17
"TATAMOTORS",435.5,436.3,427.1,427.95,427.7,433.8,2022-03-21
"TATAMOTORS",428.1,441.45,421.2,440.35,440.85,427.95,2022-03-22
"TATAMOTORS",443.5,447,434.6,435.8,435.3,440.35,2022-03-23
"TATAMOTORS",430,435.4,427.55,433.2,433.15,435.8,2022-03-24
"TATAMOTORS",437,437,427.65,432.1,432.4,433.2,2022-03-25
"TATAMOTORS",432,434.95,426.5,432.7,432.6,432.1,2022-03-28
"TATAMOTORS",436,439.35,431.4,433.7,433.7,432.7,2022-03-29
"TATAMOTORS",438.45,442.5,434.25,435.65,434.8,433.7,2022-03-30
"TATAMOTORS",436,438.3,432.6,433.75,434,435.65,2022-03-31
"TATAMOTORS",434,442.25,430.85,441.15,440.9,433.75,2022-04-01
"TATAMOTORS",444.4,449.5,441.3,446.75,446.8,441.15,2022-04-04
"TATAMOTORS",450,461.9,448.3,458.05,457.3,446.75,2022-04-05
"TATAMOTORS",455.9,462.7,452.6,456.15,456.5,458.05,2022-04-06
"TATAMOTORS",456.5,459.1,448.5,449.5,450.25,456.15,2022-04-07
"TATAMOTORS",450,456.25,449.7,452.05,452.25,449.5,2022-04-08
"TATAMOTORS",457,458.9,451,452.05,453,452.05,2022-04-11
"TATAMOTORS",450.8,450.8,435,438.3,438,452.05,2022-04-12
"TATAMOTORS",441.8,442.85,430.1,431.05,431.5,438.3,2022-04-13
"TATAMOTORS",430,436.35,423.65,433.8,433.8,431.05,2022-04-18
"TATAMOTORS",436.75,440.25,417,424.95,420.95,433.8,2022-04-19
"TATAMOTORS",431,441.7,428.25,440.55,440.9,424.95,2022-04-20
"TATAMOTORS",444.5,449.35,441.05,448.05,447.4,440.55,2022-04-21
"TATAMOTORS",442.05,447.25,438,438.85,438.8,448.05,2022-04-22
"TATAMOTORS",432.75,436,423.15,425.15,427.3,438.85,2022-04-25
"TATAMOTORS",433.9,437.45,431.6,434.9,435.05,425.15,2022-04-26
"TATAMOTORS",429.25,432.95,425.1,430.25,430.1,434.9,2022-04-27
"TATAMOTORS",434.8,439.2,430.8,436.05,435.6,430.25,2022-04-28
"TATAMOTORS",440.2,447.75,436,437.6,436.95,436.05,2022-04-29
"TATAMOTORS",437.95,442.95,428.5,432.85,432.85,437.6,2022-05-02
"TATAMOTORS",437.95,440.6,420.7,423.5,424.6,432.85,2022-05-04
"TATAMOTORS",429,434,423.7,426.3,425.75,423.5,2022-05-05
"TATAMOTORS",418.85,420.2,407,408.55,409.85,426.3,2022-05-06
"TATAMOTORS",407.15,407.4,395,403.95,405.7,408.55,2022-05-09
"TATAMOTORS",400,408.5,389.6,391.75,390.95,403.95,2022-05-10
"TATAMOTORS",396,397,377.55,388.15,390.3,391.75,2022-05-11
"TATAMOTORS",382,384.65,366.2,372.3,371.9,388.15,2022-05-12
"TATAMOTORS",387,419.35,387,404.3,404,372.3,2022-05-13
"TATAMOTORS",411.9,411.9,396.25,405.35,406.9,404.3,2022-05-16
"TATAMOTORS",408.4,425.65,405,424.15,424,405.35,2022-05-17
"TATAMOTORS",424,427.35,414.05,415.15,416.3,424.15,2022-05-18
"TATAMOTORS",400,406.8,396.2,398.65,399.45,415.15,2022-05-19
"TATAMOTORS",410,421.4,410,418,418,398.65,2022-05-20
"TATAMOTORS",421.65,431.15,419.55,421.45,420.8,418,2022-05-23
"TATAMOTORS",423.9,427.5,416,425.75,424.7,421.45,2022-05-24
"TATAMOTORS",428.45,429,413.45,417,417.25,425.75,2022-05-25
"TATAMOTORS",422,422.65,405,420.65,421.5,417,2022-05-26
"TATAMOTORS",426.05,433.25,425.2,429.6,430.2,420.65,2022-05-27
"TATAMOTORS",437,445.2,436,442.4,442.4,429.6,2022-05-30
"TATAMOTORS",443.95,449.5,440.4,443.55,442.7,442.4,2022-05-31
"TATAMOTORS",445.1,446,439.6,444.6,445,443.55,2022-06-01
"TATAMOTORS",445,445.6,435.65,439.15,439.85,444.6,2022-06-02
"TATAMOTORS",444.9,445.05,430.5,431.9,431.9,439.15,2022-06-03
"TATAMOTORS",427.9,433.95,424.6,432.35,433.45,431.9,2022-06-06
"TATAMOTORS",432.5,438.2,429.1,435.85,436.65,432.35,2022-06-07
"TATAMOTORS",438.7,440.4,432,435.65,434.75,435.85,2022-06-08
"TATAMOTORS",431.9,435.65,426.1,428.5,428.85,435.65,2022-06-09
"TATAMOTORS",423,428.85,422,428.05,427.4,428.5,2022-06-10
"TATAMOTORS",414.9,418.15,405.6,406.7,406.5,428.05,2022-06-13
"TATAMOTORS",403,411.85,397.7,405.15,404.7,406.7,2022-06-14
"TATAMOTORS",410,416.4,407.45,414.1,412.95,405.15,2022-06-15
"TATAMOTORS",420,420.9,390.1,392.95,393,414.1,2022-06-16
"TATAMOTORS",387.95,394.45,382.65,388.95,390.55,392.95,2022-06-17
"TATAMOTORS",390.55,392.95,376.65,382.7,384.75,388.95,2022-06-20
"TATAMOTORS",389,399,387,397.6,398.1,382.7,2022-06-21
"TATAMOTORS",396.4,397,390.5,393.1,392.8,397.6,2022-06-22
"TATAMOTORS",396.3,409.9,394.55,407.2,407.15,393.1,2022-06-23
"TATAMOTORS",410,412.85,406.15,409.3,408.75,407.2,2022-06-24
"TATAMOTORS",417.55,419.45,412.35,414.5,413,409.3,2022-06-27
"TATAMOTORS",411.3,418.2,409.15,417.1,417.7,414.5,2022-06-28
"TATAMOTORS",412.05,419.9,411.55,416.95,416,417.1,2022-06-29
"TATAMOTORS",418.3,424,410,411.8,411,416.95,2022-06-30
"TATAMOTORS",410.65,414.6,402.3,412.7,413.7,411.8,2022-07-01
"TATAMOTORS",411.55,414.9,405,408.45,407.6,412.7,2022-07-04
"TATAMOTORS",415,418.8,410.2,412,412.35,408.45,2022-07-05
"TATAMOTORS",414,417.3,410.65,416.35,417.1,412,2022-07-06
"TATAMOTORS",419.9,432.95,419.3,430.85,431.75,416.35,2022-07-07
"TATAMOTORS",436.25,443.85,429.3,441.55,440.5,430.85,2022-07-08
"TATAMOTORS",438.05,441.2,433.45,437.05,435.8,441.55,2022-07-11
"TATAMOTORS",433,435,428.15,430.55,428.35,437.05,2022-07-12
"TATAMOTORS",432.7,435.85,425.65,427.1,427.9,430.55,2022-07-13
"TATAMOTORS",428,431.25,423.3,428.05,428,427.1,2022-07-14
"TATAMOTORS",430.65,441.75,429.7,440.2,438.8,428.05,2022-07-15
"TATAMOTORS",443.95,453.8,443.2,450.9,450.5,440.2,2022-07-18
"TATAMOTORS",446.75,451.85,444.45,449.05,448.65,450.9,2022-07-19
"TATAMOTORS",454.35,460.75,451.75,453.45,452.75,449.05,2022-07-20
"TATAMOTORS",452.95,455.5,450.1,454.85,454,453.45,2022-07-21
"TATAMOTORS",456.6,459.95,452.3,454.9,454.25,454.85,2022-07-22
"TATAMOTORS",454.9,454.9,454.9,454.9,454.9,333.3,2022-07-25
"TATAMOTORS",456,457.6,446.3,449.55,449.35,454.9,2022-07-25
"TATAMOTORS",448.7,448.7,439.75,441.15,440.7,449.55,2022-07-26
"TATAMOTORS",441.15,445,436.1,444.05,443.75,441.15,2022-07-27
"TATAMOTORS",440.25,449.25,427.4,442.25,442.55,444.05,2022-07-28
"TATAMOTORS",445.15,452.7,445.15,449.6,449.25,442.25,2022-07-29
"TATAMOTORS",451.95,481,451.05,479.2,480.05,449.6,2022-08-01
"TATAMOTORS",478.9,479.9,469.25,476.25,474.95,479.2,2022-08-02
"TATAMOTORS",475,476.25,459.6,467.8,467.05,476.25,2022-08-03
"TATAMOTORS",473.15,473.95,456.45,468.9,466.7,467.8,2022-08-04
"TATAMOTORS",468.9,472.9,464,465.25,464.7,468.9,2022-08-05
"TATAMOTORS",465.25,465.25,465.25,465.25,465.25,454.9,2022-08-08
"TATAMOTORS",466,471.9,464.45,468.25,468,465.25,2022-08-08
"TATAMOTORS",470,477.2,463.35,475.55,475.9,468.25,2022-08-10
"TATAMOTORS",482.55,485,475.6,476.65,475.75,475.55,2022-08-11
"TATAMOTORS",475.75,481.45,470,477.55,476.7,476.65,2022-08-12
"TATAMOTORS",479.6,491.4,478.2,489.85,490.5,477.55,2022-08-16
"TATAMOTORS",490.9,494.4,484.2,485.4,484.65,489.85,2022-08-17
"TATAMOTORS",484,486.8,479.25,484.8,484.9,485.4,2022-08-18
"TATAMOTORS",486.75,488.1,468.1,471,471,484.8,2022-08-19
"TATAMOTORS",468.5,468.95,452.55,454.6,453.55,471,2022-08-22
"TATAMOTORS",449,462.1,447.6,460.45,461.2,454.6,2022-08-23
"TATAMOTORS",459,464.9,457.7,463.2,463,460.45,2022-08-24
"TATAMOTORS",466,468.8,457.4,459.2,459.65,463.2,2022-08-25
"TATAMOTORS",465,470.45,463.95,465.05,464.45,459.2,2022-08-26
"TATAMOTORS",451,456.9,450.15,453.35,454.15,465.05,2022-08-29
"TATAMOTORS",458.65,472.4,457.1,471.1,470.4,453.35,2022-08-30
"TATAMOTORS",462.5,474.4,462.15,466.9,466.9,471.1,2022-09-01
"TATAMOTORS",470.85,471.8,460.15,461.75,461.35,466.9,2022-09-02
"TATAMOTORS",459.75,463.95,457,459,460.1,461.75,2022-09-05
"TATAMOTORS",462.7,463.7,456.6,457.75,457.95,459,2022-09-06
"TATAMOTORS",453.2,456.5,443.65,445.85,446.2,457.75,2022-09-07
"TATAMOTORS",452.45,452.55,440,442.2,442.35,445.85,2022-09-08
"TATAMOTORS",447.5,449.65,440.6,445.9,446.5,442.2,2022-09-09
"TATAMOTORS",447.7,453,447,451,450.9,445.9,2022-09-12
"TATAMOTORS",454.3,458.95,453.55,456.8,456.9,451,2022-09-13
"TATAMOTORS",447.6,454.7,447,450.2,450.8,456.8,2022-09-14
"TATAMOTORS",452.4,455.85,446.05,447.25,448.25,450.2,2022-09-15
"TATAMOTORS",446,446.4,429.1,432.5,433,447.25,2022-09-16
"TATAMOTORS",431.5,431.6,424.05,425.45,425.5,432.5,2022-09-19
"TATAMOTORS",430.6,443.35,430.6,434.25,434.8,425.45,2022-09-20
"TATAMOTORS",433.95,436,425.5,427.65,428,434.25,2022-09-21
"TATAMOTORS",425,434.6,422.55,432.2,432.05,427.65,2022-09-22
"TATAMOTORS",431.9,431.9,420.55,423.1,423.5,432.2,2022-09-23
"TATAMOTORS",416,417.9,393.15,397.5,398,423.1,2022-09-26
"TATAMOTORS",403.9,404,390.35,398.8,399.6,397.5,2022-09-27
"TATAMOTORS",394.9,406.6,392.85,399.1,397.5,398.8,2022-09-28
"TATAMOTORS",411,413.25,399.6,402.25,404,399.1,2022-09-29
"TATAMOTORS",398,408.25,392.5,404.6,405.3,402.25,2022-09-30
"TATAMOTORS",404.6,404.6,404.6,404.6,404.6,465.25,2022-10-03
"TATAMOTORS",405.5,406.55,395.5,397.65,397.5,404.6,2022-10-03
"TATAMOTORS",406,408.95,402.9,407.9,407.9,397.65,2022-10-04
"TATAMOTORS",409.6,417.65,409.5,414.1,413.4,407.9,2022-10-06
"TATAMOTORS",413.4,414,408.7,412.15,413,414.1,2022-10-07
"TATAMOTORS",403.4,403.4,393.05,395.95,396.55,412.15,2022-10-10
"TATAMOTORS",397,399.5,391.3,393.35,391.75,395.95,2022-10-11
"TATAMOTORS",394.55,398.2,391.1,396.55,396.75,393.35,2022-10-12
"TATAMOTORS",396.55,403.5,394.55,399,399,396.55,2022-10-13
"TATAMOTORS",407,409.2,395.3,396.25,396.25,399,2022-10-14
"TATAMOTORS",396.25,396.25,396.25,396.25,396.25,404.6,2022-10-17
"TATAMOTORS",394,398.9,392.5,396.1,397,396.25,2022-10-17
"TATAMOTORS",401,406.7,400.7,404.25,404.55,396.1,2022-10-18
"TATAMOTORS",406.2,406.95,397.3,399.05,398.65,404.25,2022-10-19
"TATAMOTORS",397,399.9,393.1,398.1,397.9,399.05,2022-10-20
"TATAMOTORS",397,402.25,394.7,398.05,398.2,398.1,2022-10-21
"TATAMOTORS",406,406,400.15,401.6,402.3,398.05,2022-10-24
"TATAMOTORS",401.6,401.6,401.6,401.6,401.6,396.25,2022-10-25
"TATAMOTORS",404.35,410.5,403.2,404.55,404.2,401.6,2022-10-25
"TATAMOTORS",408.55,411.7,404,407.7,408,404.55,2022-10-27
"TATAMOTORS",408,411.2,406.1,409.9,410.2,407.7,2022-10-28
"TATAMOTORS",414.35,416.3,411.6,412.75,412.15,409.9,2022-10-31
"TATAMOTORS",414.9,422.4,412.8,421.35,421,412.75,2022-11-01
"TATAMOTORS",423.05,425.1,420.15,422.15,422.6,421.35,2022-11-02
"TATAMOTORS",422.15,422.15,422.15,422.15,422.15,401.6,2022-11-03
"TATAMOTORS",419.4,423.3,414.5,416.25,416.3,422.15,2022-11-03
"TATAMOTORS",418.2,426,416.9,425.35,424.9,416.25,2022-11-04
"TATAMOTORS",428.25,437.5,428.25,435,435,425.35,2022-11-07
"TATAMOTORS",439.2,441.2,432,433.15,433.1,435,2022-11-09
"TATAMOTORS",420.5,420.55,409.2,412.2,413.2,433.15,2022-11-10
"TATAMOTORS",420,425.5,414.7,423.5,423,412.2,2022-11-11
"TATAMOTORS",423.5,423.5,423.5,423.5,423.5,422.15,2022-11-14
"TATAMOTORS",424,437.7,423.5,433.7,433.5,423.5,2022-11-14
"TATAMOTORS",434.9,438.5,434.1,437.15,436.35,433.7,2022-11-15
"TATAMOTORS",436.95,438.2,429.6,431.55,431,437.15,2022-11-16
"TATAMOTORS",422,427.55,419.6,423.15,422.9,431.55,2022-11-17
"TATAMOTORS",424,426.45,421.15,423.8,424,423.15,2022-11-18
"TATAMOTORS",425.6,427.6,420,421.1,420.3,423.8,2022-11-21
"TATAMOTORS",421,426.4,420.5,424.7,424.5,421.1,2022-11-22
"TATAMOTORS",426.85,429.3,422.85,424.05,423.95,424.7,2022-11-23
"TATAMOTORS",424.5,425.25,420.7,423.4,423.9,424.05,2022-11-24
"TATAMOTORS",425,435.15,424,433.2,434.45,423.4,2022-11-25
"TATAMOTORS",435,440.35,432.4,433.25,432.55,433.2,2022-11-28
"TATAMOTORS",432.5,437.9,429.55,433.15,432.65,433.25,2022-11-29
"TATAMOTORS",435,441,433.3,439.4,439.3,433.15,2022-11-30
"TATAMOTORS",443,443.6,436.85,438.25,438,439.4,2022-12-01
"TATAMOTORS",439,441.15,435,435.4,435.5,438.25,2022-12-02
"TATAMOTORS",435.5,437.5,427.8,428.75,429.1,435.4,2022-12-05
"TATAMOTORS",428.8,431.35,425.35,427.1,426.85,428.75,2022-12-06
"TATAMOTORS",428,428,419.1,420.1,419.9,427.1,2022-12-07
"TATAMOTORS",421,421.4,415.35,417.2,418,420.1,2022-12-08
"TATAMOTORS",419.3,420.95,409.55,413.3,413.2,417.2,2022-12-09
"TATAMOTORS",412,416.9,408,414.15,414.4,413.3,2022-12-12
"TATAMOTORS",419.95,421.5,417.25,418.5,418.5,414.15,2022-12-13
"TATAMOTORS",420.55,421.35,417.35,417.9,418.35,418.5,2022-12-14
"TATAMOTORS",418.85,422.8,415.7,416.7,416.7,417.9,2022-12-15
"TATAMOTORS",417.35,427.8,413.1,421.6,422.6,416.7,2022-12-16
"TATAMOTORS",421.9,422.85,415.5,418,418.05,421.6,2022-12-19
"TATAMOTORS",418,418,408,410.5,409.95,418,2022-12-20
"TATAMOTORS",412.6,414.4,401,402.6,402.15,410.5,2022-12-21
"TATAMOTORS",404.1,404.7,390.2,394.45,394.7,402.6,2022-12-22
"TATAMOTORS",390,390,377,378.35,378.5,394.45,2022-12-23
"TATAMOTORS",380.25,390.7,375.2,384.8,385.5,378.35,2022-12-26
"TATAMOTORS",390,397.45,388.5,394.15,395.1,384.8,2022-12-27
"TATAMOTORS",394,395.9,390.4,391.3,390.75,394.15,2022-12-28
"TATAMOTORS",389,390,383.05,385.9,386.5,391.3,2022-12-29
"TATAMOTORS",391,392.2,387,387.95,388,385.9,2022-12-30
"TATAMOTORS",392.5,396,391,394.8,395,387.95,2023-01-02
"TATAMOTORS",396,398.35,393,393.9,393.9,394.8,2023-01-03
"TATAMOTORS",394.8,394.8,385,385.6,385.75,393.9,2023-01-04
"TATAMOTORS",387.9,388.75,382.5,386.9,387,385.6,2023-01-05
"TATAMOTORS",386.1,388.4,381,382,382.05,386.9,2023-01-06
"TATAMOTORS",386.35,392.7,385,389.45,388.95,382,2023-01-09
"TATAMOTORS",400,417.75,400,412.9,412.5,389.45,2023-01-10
"TATAMOTORS",415.75,420,413.55,418.2,417.2,412.9,2023-01-11
"TATAMOTORS",420.3,420.5,410.05,412.25,412.2,418.2,2023-01-12
"TATAMOTORS",413,416.35,408,411.5,411.7,412.25,2023-01-13
"TATAMOTORS",413.5,414.9,407.6,413,412.9,411.5,2023-01-16
"TATAMOTORS",413,419.45,412.5,415.3,414.7,413,2023-01-17
"TATAMOTORS",415.9,415.95,407.45,408.4,408.8,415.3,2023-01-18
"TATAMOTORS",406.5,407.8,400.1,400.75,400.75,408.4,2023-01-19
"TATAMOTORS",404,412.5,401.2,403.15,402.95,400.75,2023-01-20
"TATAMOTORS",407,410.95,405,408.4,408,403.15,2023-01-23
"TATAMOTORS",410,424,410,422.15,422,408.4,2023-01-24
"TATAMOTORS",423.75,427.25,417.7,419.05,418.6,422.15,2023-01-25
"TATAMOTORS",438,453.4,435.15,445.6,445.25,419.05,2023-01-27
"TATAMOTORS",445.6,450,437.65,443.65,443.55,445.6,2023-01-30
"TATAMOTORS",443.7,454.8,440.9,452.1,451.5,443.65,2023-01-31
"TATAMOTORS",456.8,461.5,437.65,446.65,446.35,452.1,2023-02-01
"TATAMOTORS",446.75,449.2,440.7,444.8,444.4,446.65,2023-02-02
"TATAMOTORS",447,450.8,442.35,445.45,444.75,444.8,2023-02-03
"TATAMOTORS",444.45,447,439.55,442,441.7,445.45,2023-02-06
"TATAMOTORS",441.7,443.4,432.9,435.45,435.3,442,2023-02-07
"TATAMOTORS",435.45,441,431.55,440.1,440.05,435.45,2023-02-08
"TATAMOTORS",440,440.7,433.55,436.75,436.8,440.1,2023-02-09
"TATAMOTORS",437.95,447.8,431.2,445.85,444.4,436.75,2023-02-10
"TATAMOTORS",445.5,446.9,438.9,441.05,441,445.85,2023-02-13
"TATAMOTORS",442,444.3,434.4,440.55,440.8,441.05,2023-02-14
"TATAMOTORS",438.5,444.9,438.15,444.15,443.65,440.55,2023-02-15
"TATAMOTORS",445,448.25,440.5,441.6,440.85,444.15,2023-02-16
"TATAMOTORS",436,442.45,436,439.9,439.6,441.6,2023-02-17
"TATAMOTORS",441.8,445.3,436.25,443,442.15,439.9,2023-02-20
"TATAMOTORS",445.2,445.2,435.25,436.5,436.2,443,2023-02-21
"TATAMOTORS",435.3,435.85,428.25,429.45,428.8,436.5,2023-02-22
"TATAMOTORS",428.65,436.45,427.2,433.2,435,429.45,2023-02-23
"TATAMOTORS",435.4,436.7,427,427.75,427.4,433.2,2023-02-24
"TATAMOTORS",427.75,428.05,413.05,417.95,418.55,427.75,2023-02-27
"TATAMOTORS",419,424.8,419,420.7,420.65,417.95,2023-02-28
"TATAMOTORS",421.5,428,421.5,426,426.1,420.7,2023-03-01
"TATAMOTORS",426,426.25,419.55,420.45,420.8,426,2023-03-02
"TATAMOTORS",422.6,430.5,421.95,428,427.85,420.45,2023-03-03
"TATAMOTORS",430.95,441.45,430,440.1,440.5,428,2023-03-06
"TATAMOTORS",439,441.25,436.1,439.3,439.2,440.1,2023-03-08
"TATAMOTORS",439.1,442.05,431.3,432.2,432.45,439.3,2023-03-09
"TATAMOTORS",433,437.8,430.8,435.85,436.8,432.2,2023-03-10
"TATAMOTORS",436.1,437,419.1,422.4,423.1,435.85,2023-03-13
"TATAMOTORS",422.85,424.2,413.4,416.65,417.8,422.4,2023-03-14
"TATAMOTORS",422,425,410.1,411.35,413.35,416.65,2023-03-15
"TATAMOTORS",413.3,418.5,405,415.7,417,411.35,2023-03-16
"TATAMOTORS",419,423.45,414.55,419,419,415.7,2023-03-17
"TATAMOTORS",415.6,416.95,405.5,410.75,411,419,2023-03-20
"TATAMOTORS",412.85,413.9,407.7,412.55,412.5,410.75,2023-03-21
"TATAMOTORS",416,418.4,413.75,416.1,415.1,412.55,2023-03-22
"TATAMOTORS",416,422.5,416,419.15,419.2,416.1,2023-03-23
"TATAMOTORS",419,420.55,414.8,416.5,416.5,419.15,2023-03-24
"TATAMOTORS",416,418.5,410.25,412.05,412.5,416.5,2023-03-27
"TATAMOTORS",414.15,414.5,400.45,401.6,402.45,412.05,2023-03-28
"TATAMOTORS",401.6,410.6,401.6,409.2,409.95,401.6,2023-03-29
"TATAMOTORS",411.35,421.75,411,420.8,421,409.2,2023-03-31
"TATAMOTORS",423,424.95,419.5,424.25,424.25,420.8,2023-04-03
"TATAMOTORS",423,424.95,419.5,424.25,424.25,420.8,2023-04-03
"TATAMOTORS",424.25,428.75,423.15,426.55,426.2,424.25,2023-04-05
"TATAMOTORS",426.5,439.3,423.75,437.65,437.15,426.55,2023-04-06
"TATAMOTORS",452.05,473.3,452,461.3,460.9,437.65,2023-04-10
"TATAMOTORS",463.75,463.75,455.8,458.7,459.4,461.3,2023-04-11
"TATAMOTORS",459.35,468.6,458.2,465.5,464.95,458.7,2023-04-12
"TATAMOTORS",464.95,472,463.25,469.5,468.85,465.5,2023-04-13
"TATAMOTORS",471,473,465.8,472.15,472,469.5,2023-04-17
"TATAMOTORS",475,483.35,468.1,473,472.4,472.15,2023-04-18
"TATAMOTORS",473,475.5,467.85,469.4,469.3,473,2023-04-19
"TATAMOTORS",473.7,479.7,469.4,476.8,475.5,469.4,2023-04-20
"TATAMOTORS",476.7,476.7,467.2,471.2,471.2,476.8,2023-04-21
"TATAMOTORS",471.2,476,468.3,475.2,474.4,471.2,2023-04-24
"TATAMOTORS",475.2,476.4,471.9,473.55,472.5,475.2,2023-04-25
"TATAMOTORS",473,479.5,472.6,478.2,477.45,473.55,2023-04-26
"TATAMOTORS",478.5,482,476.5,481.6,481,478.2,2023-04-27
"TATAMOTORS",481.4,488,478.35,484.95,484.45,481.6,2023-04-28
"TATAMOTORS",482.5,484,474.55,480.25,480.4,484.95,2023-05-02
"TATAMOTORS",480.25,485.1,477.75,483.7,483.7,480.25,2023-05-03
"TATAMOTORS",483.6,486.4,478.75,480.8,481.2,483.7,2023-05-04
"TATAMOTORS",481.65,484.7,476.15,477.1,477.2,480.8,2023-05-05
"TATAMOTORS",480,502.3,478.1,500.5,500.55,477.1,2023-05-08
"TATAMOTORS",502,512.8,501.55,503.65,504.65,500.5,2023-05-09
"TATAMOTORS",508,512.9,504.35,509.5,510.05,503.65,2023-05-10
"TATAMOTORS",512,514.15,505.5,511.6,511.95,509.5,2023-05-11
"TATAMOTORS",513.9,520.5,510.3,515.95,513.8,511.6,2023-05-12
"TATAMOTORS",523.85,537.15,521.5,530.85,530.55,515.95,2023-05-15
"TATAMOTORS",533.95,535.95,518.85,521.15,522.2,530.85,2023-05-16
"TATAMOTORS",522.5,523.95,512.5,515.5,515.75,521.15,2023-05-17
"TATAMOTORS",518.8,520.9,507.1,508.45,508.95,515.5,2023-05-18
"TATAMOTORS",509.8,526.4,504.75,524.95,525,508.45,2023-05-19
"TATAMOTORS",524.95,527,519.35,522.5,522.1,524.95,2023-05-22
"TATAMOTORS",522.5,531,521.15,528.5,527.7,522.5,2023-05-23
"TATAMOTORS",527.15,529.65,519.15,520.2,520.6,528.5,2023-05-24
"TATAMOTORS",518,518,509.1,514.85,515.3,520.2,2023-05-25
"TATAMOTORS",514.9,519.75,512.2,518.45,517.8,514.85,2023-05-26
"TATAMOTORS",525,525.1,519.7,521.45,521,518.45,2023-05-29
"TATAMOTORS",521.45,523.5,518,518.8,519.15,521.45,2023-05-30
"TATAMOTORS",519.95,527.5,516.4,526.3,525,518.8,2023-05-31
"TATAMOTORS",527.5,536.25,522.85,535.2,534.4,526.3,2023-06-01
"TATAMOTORS",537,541.25,532.75,535.9,535.1,535.2,2023-06-02
"TATAMOTORS",539,548.8,537.9,546.25,545.5,535.9,2023-06-05
"TATAMOTORS",549.45,557,545.35,555.75,556.45,546.25,2023-06-06
"TATAMOTORS",558.8,575,552.15,567.95,567.1,555.75,2023-06-07
"TATAMOTORS",570,576.55,557,559.7,560.5,567.95,2023-06-08
"TATAMOTORS",564.4,566.45,559.3,562.3,562.15,559.7,2023-06-09
"TATAMOTORS",567,568.9,560.65,564.15,563.8,562.3,2023-06-12
"TATAMOTORS",567.7,571.05,560.75,562.2,562.45,564.15,2023-06-13
"TATAMOTORS",566,571.2,564,570.3,569.75,562.2,2023-06-14
"TATAMOTORS",571.8,575,567.75,568.45,568.5,570.3,2023-06-15
"TATAMOTORS",569.65,572.2,566.05,569.8,569.85,568.45,2023-06-16
"TATAMOTORS",570.65,573.2,564.2,566.05,566.4,569.8,2023-06-19
"TATAMOTORS",566.05,583.95,562.5,583.25,583.05,566.05,2023-06-20
"TATAMOTORS",584.95,585.9,574.5,581.4,581.4,583.25,2023-06-21
"TATAMOTORS",584,584.7,568.2,569.35,570.5,581.4,2023-06-22
"TATAMOTORS",570,571.15,557.7,559.65,560.45,569.35,2023-06-23
"TATAMOTORS",560,569,557.8,567.85,568.45,559.65,2023-06-26
"TATAMOTORS",570,576.9,568.45,573.1,572.75,567.85,2023-06-27
"TATAMOTORS",579,590,575.5,586.65,586,573.1,2023-06-28
"TATAMOTORS",588.35,599,588,595.55,595.2,586.65,2023-06-30
"TATAMOTORS",600,602.3,590,590.8,591.9,595.55,2023-07-03
"TATAMOTORS",594.4,596.4,589.5,591.45,591.9,590.8,2023-07-04
"TATAMOTORS",592,593,584.95,588.25,589.9,591.45,2023-07-05
"TATAMOTORS",590.8,604.95,588.55,600.8,601,588.25,2023-07-06
"TATAMOTORS",600,624.8,592.2,618.2,622.9,600.8,2023-07-07
"TATAMOTORS",624,634.8,617.55,618.65,619.4,618.2,2023-07-10
"TATAMOTORS",624.95,630.45,622.15,628.5,628.95,618.65,2023-07-11
"TATAMOTORS",629.95,630.8,619.35,621.45,620.05,628.5,2023-07-12
"TATAMOTORS",625,626.5,615.5,620.65,623.35,621.45,2023-07-13
"TATAMOTORS",623,626,619.5,624.9,624.5,620.65,2023-07-14
"TATAMOTORS",626.9,627,617.15,618.5,619,624.9,2023-07-17
"TATAMOTORS",620.4,620.85,607,612.1,611.4,618.5,2023-07-18
"TATAMOTORS",614,625.3,610.15,620.6,620,612.1,2023-07-19
"TATAMOTORS",622.65,623.6,616.2,621.65,621.7,620.6,2023-07-20
"TATAMOTORS",621,631,617.7,625.75,626.25,621.65,2023-07-21
"TATAMOTORS",627.95,634.45,626.25,629.25,630,625.75,2023-07-24
"TATAMOTORS",636,642.5,633.35,639.45,641.8,629.25,2023-07-25
"TATAMOTORS",640,665.4,639,641.1,639,639.45,2023-07-26
"TATAMOTORS",647,648.45,636.75,643.7,646,641.1,2023-07-27
"TATAMOTORS",646,646,631.8,635.3,635.85,643.7,2023-07-28
"TATAMOTORS",640.2,645.55,635.9,644.3,644.3,635.3,2023-07-31
"TATAMOTORS",645,652.9,642,643.65,642.9,644.3,2023-08-01
"TATAMOTORS",644,644.3,616.45,622.65,623,643.65,2023-08-02
"TATAMOTORS",623,626.45,614.15,618.95,619.8,622.65,2023-08-03
"TATAMOTORS",624.85,625,613.3,615,615.8,618.95,2023-08-04
"TATAMOTORS",619,619,608.5,609.5,610,615,2023-08-07
"TATAMOTORS",612.55,614.75,605.25,607.3,607.95,609.5,2023-08-08
"TATAMOTORS",610.6,624,605.35,622.55,623.5,607.3,2023-08-09
"TATAMOTORS",623,628.3,598,618.25,617.5,622.55,2023-08-10
"TATAMOTORS",619.75,624.75,610,611.8,611.9,618.25,2023-08-11
"TATAMOTORS",612,612,594.5,607.35,606.8,611.8,2023-08-14
"TATAMOTORS",606.7,621.35,597.3,618.75,617.8,607.35,2023-08-16
"TATAMOTORS",620,622,611,613.75,613.35,618.75,2023-08-17
"TATAMOTORS",612.8,620.1,610.9,615.8,613.2,613.75,2023-08-18
"TATAMOTORS",617,623.3,614.8,620.5,619.5,615.8,2023-08-21
"TATAMOTORS",621.8,626.5,618.6,620.2,619.45,620.5,2023-08-22
"TATAMOTORS",622.75,622.75,613.15,613.9,614.5,620.2,2023-08-23
"TATAMOTORS",618,619,609.65,610.95,611.65,613.9,2023-08-24
"TATAMOTORS",610.85,616.7,593.3,605.1,601.8,610.95,2023-08-25
"TATAMOTORS",605.4,608.5,601.55,602.4,603,605.1,2023-08-28
"TATAMOTORS",603.6,610.5,603.6,607.15,607.65,602.4,2023-08-29
"TATAMOTORS",611.2,612.9,605,605.55,606.65,607.15,2023-08-30
"TATAMOTORS",608.8,609.65,599.05,601,601.9,605.55,2023-08-31
"TATAMOTORS",604.2,614.9,601.9,611.2,610.4,601,2023-09-01
"TATAMOTORS",615.6,615.6,606,609,609.7,611.2,2023-09-04
"TATAMOTORS",610,618.9,608.05,611.15,611.5,609,2023-09-05
"TATAMOTORS",611.15,612.55,605.6,610.25,610.6,611.15,2023-09-06
"TATAMOTORS",610.9,616.5,609.05,614.9,614.25,610.25,2023-09-07
"TATAMOTORS",617.95,628.9,614.2,627.25,626.95,614.9,2023-09-08
"TATAMOTORS",634.65,635.4,630.5,634.85,634.95,627.25,2023-09-11
"TATAMOTORS",638,639,615.25,620.8,620.9,634.85,2023-09-12
"TATAMOTORS",621,628.5,619.55,625.9,626,620.8,2023-09-13
"TATAMOTORS",628.1,630.8,623.3,624.6,624.7,625.9,2023-09-14
"TATAMOTORS",628.7,636.5,627.15,634.25,634.2,624.6,2023-09-15
"TATAMOTORS",635.9,644.2,633.15,640.65,640.85,634.25,2023-09-18
"TATAMOTORS",640.7,647,637,638.5,640,640.65,2023-09-20
"TATAMOTORS",638.5,641.7,624,627.05,628.15,638.5,2023-09-21
"TATAMOTORS",628,630.8,619,620.45,620.95,627.05,2023-09-22
"TATAMOTORS",623.85,625.2,617.9,618.7,619,620.45,2023-09-25
"TATAMOTORS",618.7,625.7,617.95,619.8,620,618.7,2023-09-26
"TATAMOTORS",619.95,621.9,616.75,620.15,620.65,619.8,2023-09-27
"TATAMOTORS",622.9,623.8,612.25,614.1,615,620.15,2023-09-28
"TATAMOTORS",618.7,633,617,630.2,631,614.1,2023-09-29
"TATAMOTORS",632.6,632.65,618.6,620.45,621.1,630.2,2023-10-03
"TATAMOTORS",620.8,620.8,608.3,613.6,614.4,620.45,2023-10-04
"TATAMOTORS",619,621.35,614.65,619.6,619.4,613.6,2023-10-05
"TATAMOTORS",627,627.35,620,622.45,623.1,619.6,2023-10-06
"TATAMOTORS",620.8,622,613.7,617.35,617,622.45,2023-10-09
"TATAMOTORS",620,632.5,617.6,630.55,630.6,617.35,2023-10-10
"TATAMOTORS",633,637.8,632.6,634,634.5,630.55,2023-10-11
"TATAMOTORS",637,640.2,635.05,636.95,637.1,634,2023-10-12
"TATAMOTORS",633.95,669,633,667.1,667.1,636.95,2023-10-13
"TATAMOTORS",668.55,677.8,661.25,666.2,666.35,667.1,2023-10-16
"TATAMOTORS",670,670.9,654.65,655.7,656,666.2,2023-10-17
"TATAMOTORS",658.6,672.25,653.8,668.5,667.25,655.7,2023-10-18
"TATAMOTORS",662.95,672.3,658.6,668.8,667.1,668.5,2023-10-19
"TATAMOTORS",666.65,676.4,660.5,663.2,662.4,668.8,2023-10-20
"TATAMOTORS",663.65,667.25,645,647.35,646.45,663.2,2023-10-23
"TATAMOTORS",650,651.9,636.05,637.85,637.9,647.35,2023-10-25
"TATAMOTORS",635,635.65,624.15,626.55,625.55,637.85,2023-10-26
"TATAMOTORS",630,643.95,628.45,641.05,640.95,626.55,2023-10-27
"TATAMOTORS",643.8,643.8,621.85,628.5,629.2,641.05,2023-10-30
"TATAMOTORS",642,642,627.3,628.65,629.5,628.5,2023-10-31
"TATAMOTORS",630,633.8,626.3,627.7,627.6,628.65,2023-11-01
"TATAMOTORS",632,638.2,630.1,636.45,637.5,627.7,2023-11-02
"TATAMOTORS",662,666,646.2,647.5,646.8,636.45,2023-11-03
"TATAMOTORS",652.85,652.85,643.2,646.05,646.05,647.5,2023-11-06
"TATAMOTORS",645,649.9,643.3,645,644.8,646.05,2023-11-07
"TATAMOTORS",648,649.05,641.9,642.55,643.95,645,2023-11-08
"TATAMOTORS",644,653.65,642.7,649.35,648.5,642.55,2023-11-09
"TATAMOTORS",649.35,652.95,644,651.05,651.55,649.35,2023-11-10
"TATAMOTORS",657.95,657.95,652.4,653.55,653.4,651.05,2023-11-12
"TATAMOTORS",653,654,649.3,653.25,653.5,653.55,2023-11-13
"TATAMOTORS",660,673.5,656.55,671.55,671.5,653.25,2023-11-15
"TATAMOTORS",674,685.5,670.9,680.4,679.9,671.55,2023-11-16
"TATAMOTORS",682.5,687.65,679.6,681.55,681.25,680.4,2023-11-17
"TATAMOTORS",682,686.75,670.7,674.3,675,681.55,2023-11-20
"TATAMOTORS",677,683.3,675,681.7,681,674.3,2023-11-21
"TATAMOTORS",683.95,687.35,676.05,681.2,681.75,681.7,2023-11-22
"TATAMOTORS",683.2,685.9,677.05,679.95,680.4,681.2,2023-11-23
"TATAMOTORS",681.4,681.95,671.25,673.7,673.5,679.95,2023-11-24
"TATAMOTORS",677.45,699.45,674.25,697.5,698,673.7,2023-11-28
"TATAMOTORS",702.75,714.4,694.35,712.35,711.5,697.5,2023-11-29
"TATAMOTORS",716.3,717.25,697,706.4,707,712.35,2023-11-30
"TATAMOTORS",708,711,703,705.45,703.95,706.4,2023-12-01
"TATAMOTORS",716,717,704.8,705.6,706.1,705.45,2023-12-04
"TATAMOTORS",705.9,714.9,705,708.95,708.55,705.6,2023-12-05
"TATAMOTORS",709.05,724.8,709,722.45,722.5,708.95,2023-12-06
"TATAMOTORS",725,727.5,716,721.95,721.75,722.45,2023-12-07
"TATAMOTORS",722.05,727.6,707.5,714.55,714.5,721.95,2023-12-08
"TATAMOTORS",717.8,726.5,716.55,720.8,720.75,714.55,2023-12-11
"TATAMOTORS",724.8,724.8,713,715.4,716,720.8,2023-12-12
"TATAMOTORS",716,721.45,713.5,720.3,720.5,715.4,2023-12-13
"TATAMOTORS",724,724.7,718.6,719.75,719.95,720.3,2023-12-14
"TATAMOTORS",723.9,734,721.25,732.4,732.2,719.75,2023-12-15
"TATAMOTORS",732.9,734.75,728.1,730.8,730.15,732.4,2023-12-18
"TATAMOTORS",732.6,732.6,726,728.95,730,730.8,2023-12-19
"TATAMOTORS",730.95,733,703.05,705.25,705.95,728.95,2023-12-20
"TATAMOTORS",703,711.9,696.25,708.85,710,705.25,2023-12-21
"TATAMOTORS",716.8,731,712,724.7,725,708.85,2023-12-22
"TATAMOTORS",727.4,727.5,716.6,719.55,720,724.7,2023-12-26
"TATAMOTORS",728,741.85,725.15,740.9,740.3,719.55,2023-12-27
"TATAMOTORS",742.65,757.95,739.05,753.9,754.85,740.9,2023-12-28
"TATAMOTORS",755,802.9,754,779.95,779.4,753.9,2023-12-29
"TATAMOTORS",785,798.7,781.05,790.6,792,779.95,2024-01-01
"TATAMOTORS",800.5,804,779,784.4,786,790.6,2024-01-02
"TATAMOTORS",786.05,790,776.25,781.45,782.6,784.4,2024-01-03
"TATAMOTORS",798,801.8,791.3,795.75,795.7,781.45,2024-01-04
"TATAMOTORS",799,805.9,787.1,790.95,792,795.75,2024-01-05
"TATAMOTORS",798.4,800.35,787.5,789.1,789.85,790.95,2024-01-08
"TATAMOTORS",799.95,809.2,793.15,799.8,801,789.1,2024-01-09
"TATAMOTORS",800,811,792.65,808.45,808.95,799.8,2024-01-10
"TATAMOTORS",813.5,817.5,808.45,815.65,815.25,808.45,2024-01-11
"TATAMOTORS",818.15,818.55,809.15,816.45,817.45,815.65,2024-01-12
"TATAMOTORS",820,820.4,810.3,812.45,813.2,816.45,2024-01-15
"TATAMOTORS",812.45,827,812.45,818.85,817.65,812.45,2024-01-16
"TATAMOTORS",811,813.7,804,805.55,807.5,818.85,2024-01-17
"TATAMOTORS",807,822.95,797,819.05,819.6,805.55,2024-01-18
"TATAMOTORS",823.85,826,819.5,823.55,824,819.05,2024-01-19
"TATAMOTORS",826,827,817.05,818.9,819.95,823.55,2024-01-20
"TATAMOTORS",824.9,827.6,796.3,800.45,802.55,818.9,2024-01-23
"TATAMOTORS",802.4,812,788.5,810.9,811.65,800.45,2024-01-24
"TATAMOTORS",814,814.15,800.3,811.85,810.55,810.9,2024-01-25
"TATAMOTORS",811.85,843.8,811.05,841,840.55,811.85,2024-01-29
"TATAMOTORS",843,885.95,842.85,858.85,864.9,841,2024-01-30
"TATAMOTORS",865.2,896.5,865.2,884.2,884.8,858.85,2024-01-31
"TATAMOTORS",900,900.15,876.3,878.5,880,884.2,2024-02-01
"TATAMOTORS",886,895.75,876.85,878.75,882.8,878.5,2024-02-02
"TATAMOTORS",934,950,915.35,926.8,929.75,878.75,2024-02-05
"TATAMOTORS",936.4,941.3,928.4,939.55,939.7,926.8,2024-02-06
"TATAMOTORS",944,944,928.05,933.8,935,939.55,2024-02-07
"TATAMOTORS",937,939.7,918.8,924.3,925,933.8,2024-02-08
"TATAMOTORS",926,927.4,906.05,915,915.7,924.3,2024-02-09
"TATAMOTORS",916.1,925,908,911.6,912,915,2024-02-12
"TATAMOTORS",911.6,919.1,894,906.9,907.95,911.6,2024-02-13
"TATAMOTORS",900,919.95,894.35,918.3,918.5,906.9,2024-02-14
"TATAMOTORS",923.7,927,916.35,920.55,920.55,918.3,2024-02-15
"TATAMOTORS",925,948.8,924.1,938.6,938.4,920.55,2024-02-16
"TATAMOTORS",942.95,942.95,931.05,932.6,933.8,938.6,2024-02-19
"TATAMOTORS",934.45,934.65,920.4,926.35,927.65,932.6,2024-02-20
"TATAMOTORS",926.35,937.2,916.5,921.05,921.5,926.35,2024-02-21
"TATAMOTORS",924.65,933.85,914.6,932.3,932,921.05,2024-02-22
"TATAMOTORS",933.1,939.8,929.4,937.4,935.05,932.3,2024-02-23
"TATAMOTORS",937.1,945,930.7,936.95,937,937.4,2024-02-26
"TATAMOTORS",936.75,965,935.5,962.7,962.55,936.95,2024-02-27
"TATAMOTORS",966.15,976,950.3,958.05,956.45,962.7,2024-02-28
"TATAMOTORS",959,959.25,942.9,950.2,954.8,958.05,2024-02-29
"TATAMOTORS",958.95,980.4,956.7,977.4,978,950.2,2024-03-01
"TATAMOTORS",987,992.6,981.55,988.35,989,977.4,2024-03-02
"TATAMOTORS",993.25,995,980.1,987.2,988.9,988.35,2024-03-04
"TATAMOTORS",1027,1065.6,1005.35,1021.9,1022.6,987.2,2024-03-05
"TATAMOTORS",1025,1030.65,1009,1017.65,1018.3,1021.9,2024-03-06
"TATAMOTORS",1017.65,1017.65,1017.65,1017.65,1017.65,423.5,2024-03-07
"TATAMOTORS",1025,1047,1014.05,1039.3,1038,1017.65,2024-03-07
"TATAMOTORS",1034.75,1035.95,1021,1028,1029,1039.3,2024-03-11
"TATAMOTORS",1027.8,1037,1011.3,1016.5,1019,1028,2024-03-12
"TATAMOTORS",1019,1021,963.55,973.2,973.15,1016.5,2024-03-13
"TATAMOTORS",964.95,982,955.4,967.75,968.4,973.2,2024-03-14
"TATAMOTORS",968.4,979.75,940,945.85,943.95,967.75,2024-03-15
"TATAMOTORS",945.85,974.8,936.65,972.45,972,945.85,2024-03-18
"TATAMOTORS",968.55,970.6,951.6,957.75,958.2,972.45,2024-03-19
"TATAMOTORS",960.9,965.15,921.2,940.45,944.3,957.75,2024-03-20
"TATAMOTORS",951,969.25,946,964.9,965.55,940.45,2024-03-21
"TATAMOTORS",964.9,986.2,950.35,979.8,979.75,964.9,2024-03-22
"TATAMOTORS",977,995,976,986.2,987.15,979.8,2024-03-26
"TATAMOTORS",991.6,995,976.7,978.65,979.85,986.2,2024-03-27
"TATAMOTORS",982.5,999.9,979,992.8,995,978.65,2024-03-28
"TATAMOTORS",1000,1009.85,987.45,992.25,994,992.8,2024-04-01
"TATAMOTORS",999,1008,993.4,1004.65,1006.4,992.25,2024-04-02
"TATAMOTORS",1004,1014.45,992.55,1009.15,1009.8,1004.65,2024-04-03
"TATAMOTORS",1016,1017,998.15,1011.6,1013,1009.15,2024-04-04
"TATAMOTORS",1011.6,1012.5,1004.4,1007.1,1007.85,1011.6,2024-04-05
"TATAMOTORS",1010.05,1016.4,1004,1013.2,1012.7,1007.1,2024-04-08
"TATAMOTORS",1021,1029.5,1005,1008.5,1008,1013.2,2024-04-09
"TATAMOTORS",1012.25,1021,1010,1013.5,1014,1008.5,2024-04-10
"TATAMOTORS",1014,1029,1013.5,1018.5,1020,1013.5,2024-04-12
"TATAMOTORS",998.1,1006.95,978.5,998.8,997.95,1018.5,2024-04-15
"TATAMOTORS",990,1004.9,982.1,992.8,992.2,998.8,2024-04-16
"TATAMOTORS",996.35,1003.1,966.25,971.35,977.55,992.8,2024-04-18
"TATAMOTORS",964,967.95,944,963.2,964.4,971.35,2024-04-19
"TATAMOTORS",978.75,978.75,966,973.55,974.7,963.2,2024-04-22
"TATAMOTORS",976,994.5,974.05,986.75,987.75,973.55,2024-04-23
"TATAMOTORS",992.4,995.9,988,991.65,990.8,986.75,2024-04-24
"TATAMOTORS",992.5,1003.3,989.5,1001.25,1002,991.65,2024-04-25
"TATAMOTORS",1007.8,1008.95,996.6,999.5,1000,1001.25,2024-04-26
"TATAMOTORS",1003.05,1005.75,999,1000.6,1000.05,999.5,2024-04-29
"TATAMOTORS",1005,1019.45,997.5,1007.9,1008,1000.6,2024-04-30
"TATAMOTORS",1020,1030,1011.55,1027.8,1028.8,1007.9,2024-05-02
"TATAMOTORS",1038,1040.2,996,1013.4,1014.5,1027.8,2024-05-03
"TATAMOTORS",1015,1019.8,1005,1016.2,1015.1,1013.4,2024-05-06
"TATAMOTORS",1016.2,1017.95,982.05,988.55,988,1016.2,2024-05-07
"TATAMOTORS",986.95,1015,977,1012.1,1013.1,988.55,2024-05-08
"TATAMOTORS",1011,1043.2,1007.3,1030.3,1030,1012.1,2024-05-09
"TATAMOTORS",1037,1050.35,1030.4,1046.65,1047,1030.3,2024-05-10
"TATAMOTORS",1005,1008.7,947.2,959.75,959.4,1046.65,2024-05-13
"TATAMOTORS",965.1,968,953.25,964.65,964.75,959.75,2024-05-14
"TATAMOTORS",970.95,972.95,945.1,947.3,946,964.65,2024-05-15
"TATAMOTORS",953.2,954.4,919,936.4,939.2,947.3,2024-05-16
"TATAMOTORS",944,953.4,941,945.7,944.95,936.4,2024-05-17
"TATAMOTORS",950,958,947,953.95,954,945.7,2024-05-18
"TATAMOTORS",954,956.65,948.7,951.3,950.5,953.95,2024-05-21
"TATAMOTORS",952,954.9,942.55,947.5,947.95,951.3,2024-05-22
"TATAMOTORS",950,963.45,945.05,962.35,962.45,947.5,2024-05-23
"TATAMOTORS",962.5,970.95,958,960.55,958.9,962.35,2024-05-24
"TATAMOTORS",964.9,966.45,952,958.5,959.2,960.55,2024-05-27
"TATAMOTORS",959,961.9,946,947.55,947.45,958.5,2024-05-28
"TATAMOTORS",946.95,950.5,938.8,943.6,943.5,947.55,2024-05-29
"TATAMOTORS",943.5,951.45,921,923.95,929.35,943.6,2024-05-30
"TATAMOTORS",931.65,937.25,920.1,923,924.5,923.95,2024-05-31
"TATAMOTORS",963,963,934,950.45,951.5,923,2024-06-03
"TATAMOTORS",948,948,855.4,903.9,904.95,950.45,2024-06-04
"TATAMOTORS",924.95,933.75,890,929.95,928,903.9,2024-06-05
"TATAMOTORS",940,946,931.2,938.25,939.5,929.95,2024-06-06
"TATAMOTORS",940,973,935.25,970.5,970,938.25,2024-06-07
"TATAMOTORS",977,984.9,969.1,975.15,974.8,970.5,2024-06-10
"TATAMOTORS",973.8,992.55,966.65,987.1,986.15,975.15,2024-06-11
"TATAMOTORS",994.5,1010.25,987,988.7,989.2,987.1,2024-06-12
"TATAMOTORS",1002,1002,980.75,985.85,985.8,988.7,2024-06-13
"TATAMOTORS",990,997.25,981.4,993.4,992,985.85,2024-06-14
"TATAMOTORS",1000,1003.55,984,985.9,986.5,993.4,2024-06-18
"TATAMOTORS",990,994.9,975.15,977.35,977.5,985.9,2024-06-19
"TATAMOTORS",980,988.4,976.35,978.25,979.1,977.35,2024-06-20
"TATAMOTORS",979,980.9,958.1,961.8,960,978.25,2024-06-21
"TATAMOTORS",960.9,963.5,950.05,958.05,959,961.8,2024-06-24
"TATAMOTORS",960,962.85,949.3,955,955.5,958.05,2024-06-25
"TATAMOTORS",956,962.5,950.1,951.85,952.5,955,2024-06-26
"TATAMOTORS",952.5,974.85,948.05,972.1,972.6,951.85,2024-06-27
"TATAMOTORS",975,998.5,972.55,989.75,989.2,972.1,2024-06-28
"TATAMOTORS",989.75,1005.5,985.2,1002.05,1000,989.75,2024-07-01
"TATAMOTORS",1004.05,1005,979.1,981.3,982.5,1002.05,2024-07-02
"TATAMOTORS",984.95,987.35,973.5,975.65,977.25,981.3,2024-07-03
"TATAMOTORS",984,1004,979.6,998.2,1002.5,975.65,2024-07-04
"TATAMOTORS",1005,1006.6,989.95,993.65,992.9,998.2,2024-07-05
"TATAMOTORS",1005,1016.6,996.2,1002.6,1002.9,993.65,2024-07-08
"TATAMOTORS",1000.95,1017,998.1,1014.95,1014.15,1002.6,2024-07-09
"TATAMOTORS",1015,1019.85,986.05,1005.5,1004.3,1014.95,2024-07-10
"TATAMOTORS",1008,1025.5,1007.05,1020.8,1021.2,1005.5,2024-07-11
"TATAMOTORS",1023.85,1025.9,1015,1016.75,1018.2,1020.8,2024-07-12
"TATAMOTORS",1021.35,1029.8,1017.3,1024.45,1024.5,1016.75,2024-07-15
"TATAMOTORS",1025.5,1029.6,1019.2,1021.15,1020,1024.45,2024-07-16
"TATAMOTORS",1022.95,1027,1008,1024.55,1025,1021.15,2024-07-18
"TATAMOTORS",1024,1024,986.65,990,990.8,1024.55,2024-07-19
"TATAMOTORS",990,1008,976.55,1003.15,1003.9,990,2024-07-22
"TATAMOTORS",1007.9,1008.65,967.2,1001.8,1001,1003.15,2024-07-23
"TATAMOTORS",997.8,1034.25,995.15,1027.7,1026.45,1001.8,2024-07-24
"TATAMOTORS",1029,1094,1024.35,1090.95,1089.05,1027.7,2024-07-25
"TATAMOTORS",1111.95,1120.5,1083.6,1118.3,1116.05,1090.95,2024-07-26
"TATAMOTORS",1124,1139.9,1118.6,1124,1124,1118.3,2024-07-29
"TATAMOTORS",1125.8,1179,1118.6,1161.85,1162,1124,2024-07-30
"TATAMOTORS",1164,1167.9,1145.3,1156.65,1159,1161.85,2024-07-31
"TATAMOTORS",1167,1176,1136.5,1144.4,1142.65,1156.65,2024-08-01
"TATAMOTORS",1120,1120,1090.05,1096.65,1095,1144.4,2024-08-02
"TATAMOTORS",1059.95,1065,1014.05,1016.45,1015.45,1096.65,2024-08-05
"TATAMOTORS",1030,1060.65,1008.4,1013.75,1018.55,1016.45,2024-08-06
"TATAMOTORS",1036.05,1040.2,1015.05,1025.3,1027,1013.75,2024-08-07
"TATAMOTORS",1034.95,1056.4,1027,1041.75,1042,1025.3,2024-08-08
"TATAMOTORS",1055,1082.95,1052.05,1068.1,1071,1041.75,2024-08-09
"TATAMOTORS",1065,1079.9,1055,1076.15,1075.4,1068.1,2024-08-12
"TATAMOTORS",1074.85,1075.5,1048.2,1053.45,1056.35,1076.15,2024-08-13
"TATAMOTORS",1057,1067.05,1047,1062.35,1062.85,1053.45,2024-08-14
"TATAMOTORS",1072,1099.95,1070,1098.35,1098,1062.35,2024-08-16
"TATAMOTORS",1105.9,1107,1085,1087.7,1090,1098.35,2024-08-19
"TATAMOTORS",1097,1098.05,1082.05,1086.9,1087,1087.7,2024-08-20
"TATAMOTORS",1089,1095.3,1083.3,1085.2,1086.85,1086.9,2024-08-21
"TATAMOTORS",1090,1094.75,1064.95,1068.45,1072,1085.2,2024-08-22
"TATAMOTORS",1073,1092.6,1071,1085.15,1085.35,1068.45,2024-08-23
"TATAMOTORS",1089,1103.35,1082.85,1092.4,1094.4,1085.15,2024-08-26
"TATAMOTORS",1093.05,1096.65,1075,1077.25,1079.9,1092.4,2024-08-27
"TATAMOTORS",1082.95,1088.7,1070.1,1074.55,1073.8,1077.25,2024-08-28
"TATAMOTORS",1079.05,1142,1066,1121.65,NA,1074.55,2024-08-29
"TATAMOTORS",1113.95,1115,1097.45,1111.35,1109,1121.65,2024-08-30
"TATAMOTORS",1105,1105,1087.35,1092.65,1093,1111.35,2024-09-02
"TATAMOTORS",1097.6,1100,1082.2,1085.1,1086.55,1092.65,2024-09-03
"TATAMOTORS",1079,1085,1072.1,1080.45,1081,1085.1,2024-09-04
"TATAMOTORS",1081,1085.85,1066.95,1069.15,1068.7,1080.45,2024-09-05
"TATAMOTORS",1068.8,1072.95,1040.5,1049.35,1050.65,1069.15,2024-09-06
"TATAMOTORS",1049.35,1049.95,1026.25,1038.7,1040.8,1049.35,2024-09-09
"TATAMOTORS",1049,1049,1032.2,1035.8,1035,1038.7,2024-09-10
"TATAMOTORS",1000,1011.55,971.25,976.3,976.4,1035.8,2024-09-11
"TATAMOTORS",976.3,988,958,986.15,984,976.3,2024-09-12
"TATAMOTORS",994.9,1006,988,992.1,991.85,986.15,2024-09-13
"TATAMOTORS",997,999.9,984.5,988.4,988.45,992.1,2024-09-16
"TATAMOTORS",995,995,960,974.95,975,988.4,2024-09-17
"TATAMOTORS",978.2,983.7,957.15,962.05,959.2,974.95,2024-09-18
"TATAMOTORS",970.4,978.95,956.35,967,969.95,962.05,2024-09-19
"TATAMOTORS",967,977.5,949.2,970.85,971.3,967,2024-09-20
"TATAMOTORS",973.5,979.2,966.05,971.8,972.3,970.85,2024-09-23
"TATAMOTORS",974,985,972.6,977.3,976.95,971.8,2024-09-24
"TATAMOTORS",982.4,982.5,959.25,963.6,964,977.3,2024-09-25
"TATAMOTORS",970.8,994.95,965.6,993.15,990.9,963.6,2024-09-26
"TATAMOTORS",996,1000.4,989.15,993,NA,993.15,2024-09-27
"TATAMOTORS",993,996.95,971.8,974.65,975.8,993,2024-09-30
"TATAMOTORS",976.9,984.5,958.9,965.2,966.4,974.65,2024-10-01
"TATAMOTORS",939,950.15,925,925.7,928.8,965.2,2024-10-03
"TATAMOTORS",930,949.2,920,930.75,933.55,925.7,2024-10-04
"TATAMOTORS",942,944.45,915,927.85,928.3,930.75,2024-10-07
"TATAMOTORS",916,924.8,893.85,919.8,924.8,927.85,2024-10-08
"TATAMOTORS",926.8,948.45,925.5,939.15,939,919.8,2024-10-09
"TATAMOTORS",933.75,943.6,912.35,928.5,930.6,939.15,2024-10-10
"TATAMOTORS",932,937,928.5,930.7,931.4,928.5,2024-10-11
"TATAMOTORS",930,940,925.35,928.25,929,930.7,2024-10-14
"TATAMOTORS",932.95,935.35,913,917.3,918.9,928.25,2024-10-15
"TATAMOTORS",917.05,923,900,907.45,906.15,917.3,2024-10-16
"TATAMOTORS",914.95,914.95,890.05,891.6,894.3,907.45,2024-10-17
"TATAMOTORS",894.3,917.7,886.8,910.15,911,891.6,2024-10-18
"TATAMOTORS",912.05,917.65,898.1,903.3,902.75,910.15,2024-10-21
"TATAMOTORS",905,906.1,875.25,879.5,881.5,903.3,2024-10-22
"TATAMOTORS",879,885.6,863.3,877.65,876,879.5,2024-10-23
"TATAMOTORS",875.25,890,875.25,880,880.5,877.65,2024-10-24
"TATAMOTORS",883.9,885.75,857.3,864.3,864.05,880,2024-10-25
"TATAMOTORS",867.85,886.75,860.2,878.45,881.9,864.3,2024-10-28
"TATAMOTORS",880.25,882.5,825.7,842.75,844,878.45,2024-10-29
"TATAMOTORS",846,853.6,838.05,840.2,840,842.75,2024-10-30
"TATAMOTORS",847.95,847.95,840,843.45,843.1,834.05,2024-11-01
"TATAMOTORS",840,844.45,814.5,824.1,824.2,843.45,2024-11-04
"TATAMOTORS",821.5,843.6,820.4,835.65,835.6,824.1,2024-11-05
"TATAMOTORS",843.9,843.9,826,839.7,840.5,835.65,2024-11-06
"TATAMOTORS",841,842.75,817.3,819.75,821.8,839.7,2024-11-07
"TATAMOTORS",821.95,822,801.1,805.45,803.55,819.75,2024-11-08
"TATAMOTORS",801,831.45,792,804.7,805,805.45,2024-11-11
"TATAMOTORS",806,813.1,783.05,784.85,784.75,804.7,2024-11-12
"TATAMOTORS",787,792.65,775.55,786.25,786.85,784.85,2024-11-13
"TATAMOTORS",786.6,792,772,774.3,776,786.25,2024-11-14
"TATAMOTORS",778,781.75,759.2,771.9,772.5,774.3,2024-11-18
"TATAMOTORS",771.9,799.9,771.9,783.2,781.95,771.9,2024-11-19
"TATAMOTORS",784.95,785.95,766.25,773.85,774,783.2,2024-11-21
"TATAMOTORS",775,794,775,791,794,773.85,2024-11-22
"TATAMOTORS",808.05,810.2,793.65,796.6,797.4,791,2024-11-25
"TATAMOTORS",797.15,801.8,780.15,783,784.2,796.6,2024-11-26
"TATAMOTORS",785.05,791.9,779.1,783.95,785.2,783,2024-11-27
"TATAMOTORS",783,792.55,778,779.45,781.5,783.95,2024-11-28
"TATAMOTORS",779.5,789.4,777.05,786.45,787.35,779.45,2024-11-29
"TATAMOTORS",787.3,796.75,785,790.05,790.15,786.45,2024-12-02
"TATAMOTORS",795,806,790,801.25,800.1,790.05,2024-12-03
"TATAMOTORS",805,806,784.05,788.1,788.2,801.25,2024-12-04
"TATAMOTORS",793,797.5,781,792.55,793,788.1,2024-12-05
"TATAMOTORS",793,818.85,785.3,816.8,818,792.55,2024-12-06
"TATAMOTORS",816.8,820.35,797,798.75,799.7,816.8,2024-12-09
"TATAMOTORS",804.8,810.45,797.45,799.9,801,798.75,2024-12-10
"TATAMOTORS",802.9,806.95,798.2,799.1,799.45,799.9,2024-12-11
"TATAMOTORS",799.2,802,785.5,786.35,787,799.1,2024-12-12
"TATAMOTORS",789,792.5,775,790.3,790.7,786.35,2024-12-13
"TATAMOTORS",791.4,793.95,783,784.8,785.3,790.3,2024-12-16
"TATAMOTORS",785.5,796.35,778,779.75,779.9,784.8,2024-12-17
"TATAMOTORS",774,774.25,754,755.7,757,779.75,2024-12-18
"TATAMOTORS",744.45,755.8,741.4,744.05,745.75,755.7,2024-12-19
"TATAMOTORS",744.3,749.55,721.5,724.05,724.3,744.05,2024-12-20
"TATAMOTORS",733.7,734.4,717.7,722.2,721.5,724.05,2024-12-23
"TATAMOTORS",723.5,745.3,722.5,736.1,735.1,722.2,2024-12-24
"TATAMOTORS",736.1,747.8,735.55,740.8,741.5,736.1,2024-12-26
"TATAMOTORS",749,766.85,745.7,750.5,754,740.8,2024-12-27
"TATAMOTORS",753.9,754.9,730.7,733.65,735.25,750.5,2024-12-30
"TATAMOTORS",733.65,743.4,732.75,740.15,741.8,733.65,2024-12-31
"TATAMOTORS",740.45,751.1,736,749.25,749.85,740.15,2025-01-01
"TATAMOTORS",759.3,767.35,749.35,765.05,764.85,749.25,2025-01-02
"TATAMOTORS",768,800.6,761.45,790.4,789,765.05,2025-01-03
"TATAMOTORS",797.7,797.7,765.3,776.25,776,790.4,2025-01-06
"TATAMOTORS",776,796.95,772.5,793.25,792.5,776.25,2025-01-07
"TATAMOTORS",792.6,797,781.65,794.95,795.5,793.25,2025-01-08
"TATAMOTORS",800,810,769.45,780.1,781.4,794.95,2025-01-09
"TATAMOTORS",780.05,787.95,766.8,774.65,776.5,780.1,2025-01-10
"TATAMOTORS",769,773.55,748.8,751,750.6,774.65,2025-01-13
"TATAMOTORS",751.5,779,751.5,770.5,772.3,751,2025-01-14
"TATAMOTORS",771,785,756.05,763.6,763,770.5,2025-01-15
"TATAMOTORS",769.9,781,767.35,774.35,775.45,763.6,2025-01-16
"TATAMOTORS",773.9,785.5,772.25,779.75,779.9,774.35,2025-01-17
"TATAMOTORS",780,783,767,774.35,773.95,779.75,2025-01-20
"TATAMOTORS",775,786.65,758.4,760.75,761,774.35,2025-01-21
"TATAMOTORS",764.15,765.45,731,742.75,744.35,760.75,2025-01-22
"TATAMOTORS",742.75,759.7,739.8,752.5,753,742.75,2025-01-23
"TATAMOTORS",750.05,754.15,732.2,734.1,733.4,752.5,2025-01-24
"TATAMOTORS",732.95,732.95,709.3,713.05,713,734.1,2025-01-27
"TATAMOTORS",716.5,740.85,707.5,728.25,731.9,713.05,2025-01-28
"TATAMOTORS",731.5,755,726.55,752.5,754.8,728.25,2025-01-29
"TATAMOTORS",709,710.7,683.2,696.85,699.95,752.5,2025-01-30
"TATAMOTORS",706,717,696.45,716.1,715.7,696.85,2025-01-31
"TATAMOTORS",719.5,724.75,700.9,706.55,705.9,716.1,2025-02-01
"TATAMOTORS",700,700,686,687.45,687.65,706.55,2025-02-03
"TATAMOTORS",696.3,713.35,693.75,710.55,709.55,687.45,2025-02-04
"TATAMOTORS",711,725.45,710.7,717.05,716.95,710.55,2025-02-05
"TATAMOTORS",723,723.4,708.15,709.65,710.9,717.05,2025-02-06
"TATAMOTORS",711,715.95,703.1,706.75,706.75,709.65,2025-02-07
"TATAMOTORS",709.75,709.9,693.05,696,695.6,706.75,2025-02-10
"TATAMOTORS",696,697,675.1,677.75,677.4,696,2025-02-11
"TATAMOTORS",680,687.55,667.05,684.35,684.7,677.75,2025-02-12
"TATAMOTORS",684.35,693.15,679.35,683.85,683,684.35,2025-02-13
"TATAMOTORS",685.95,690.95,669.15,680.65,678.9,683.85,2025-02-14
"TATAMOTORS",678,690.7,667.05,686.6,686.95,680.65,2025-02-17
"TATAMOTORS",686.6,687.95,672.15,682.4,682.5,686.6,2025-02-18
"TATAMOTORS",681.75,690.95,675.05,681,681,682.4,2025-02-19
"TATAMOTORS",680,692.85,675,689.8,688.4,681,2025-02-20
"TATAMOTORS",686,690,671.1,673.2,672.4,689.8,2025-02-21
"TATAMOTORS",670,676.6,666,668.25,668.05,673.2,2025-02-24
"TATAMOTORS",667.75,672.5,660,661.6,660.3,668.25,2025-02-25
"TATAMOTORS",662,665,645.65,648.55,647.75,661.6,2025-02-27
"TATAMOTORS",645,645,618.45,620.65,620.7,648.55,2025-02-28
"TATAMOTORS",620.65,626.85,606.3,621.15,621.4,620.65,2025-03-03
"TATAMOTORS",613.45,629.15,613,619.2,619.5,621.15,2025-03-04
"TATAMOTORS",619,641.6,618.6,640.8,641.6,619.2,2025-03-05
"TATAMOTORS",653.25,655.95,635.6,639.65,638.9,640.8,2025-03-06
"TATAMOTORS",640,651.5,635,648.3,647.5,639.65,2025-03-07
"TATAMOTORS",648.3,654.25,643.35,648.15,646.25,648.3,2025-03-10
"TATAMOTORS",640,651.15,638.45,648.05,648.9,648.15,2025-03-11
"TATAMOTORS",654.5,671.9,652.25,668.3,668.15,648.05,2025-03-12
"TATAMOTORS",670.65,671.85,649.6,655.5,654.7,668.3,2025-03-13
"TATAMOTORS",665.05,666.45,657.45,661.05,660.1,655.5,2025-03-17
"TATAMOTORS",665,681.7,663.9,680.05,678.8,661.05,2025-03-18
"TATAMOTORS",685.4,685.75,678.55,682.25,681.05,680.05,2025-03-19
"TATAMOTORS",685,692.7,679,690.05,689.5,682.25,2025-03-20
"TATAMOTORS",693,705,688.55,702.95,702.5,690.05,2025-03-21
"TATAMOTORS",710,717.5,702.05,713.5,713.9,702.95,2025-03-24
"TATAMOTORS",719,723.05,706.35,710.3,707.5,713.5,2025-03-25
"TATAMOTORS",710.3,717.85,707,708.25,707.4,710.3,2025-03-26
"TATAMOTORS",668,676.6,661.1,668.55,669.5,708.25,2025-03-27
"TATAMOTORS",671.85,684.95,669.3,674.45,673.25,668.55,2025-03-28
"TATAMOTORS",670.55,681.85,665.75,671.85,672,674.45,2025-04-01
"TATAMOTORS",674.95,675.35,662.1,671.9,672.2,671.85,2025-04-02
"TATAMOTORS",660,669,652.5,653.95,655.55,671.9,2025-04-03
"TATAMOTORS",650,650,610,613.85,615.1,653.95,2025-04-04
"TATAMOTORS",560.5,582,535.75,579.75,581.1,613.85,2025-04-07
"TATAMOTORS",591.2,606.6,584.2,588.85,589.9,579.75,2025-04-08
"TATAMOTORS",588,594.9,581.05,582.9,584.5,588.85,2025-04-09
"TATAMOTORS",610,612.8,591,595.05,596,582.9,2025-04-11
"TATAMOTORS",614,628.3,612.65,622.2,622.5,595.05,2025-04-15
"TATAMOTORS",625,625,613.6,616.05,616.1,622.2,2025-04-16
"TATAMOTORS",616.05,627,608.25,621.55,621,616.05,2025-04-17
"TATAMOTORS",624.6,635.75,620.2,630.05,630.25,621.55,2025-04-21
"TATAMOTORS",630.25,633.95,626.2,630.85,630.5,630.05,2025-04-22
"TATAMOTORS",635.95,661.5,633.35,659.9,658.85,630.85,2025-04-23
"TATAMOTORS",660.1,671,660.1,668.35,667.9,659.9,2025-04-24
"TATAMOTORS",668.35,673,651.5,655.25,654.15,668.35,2025-04-25
"TATAMOTORS",654.3,669.6,652.55,668.15,668,655.25,2025-04-28
"TATAMOTORS",671.45,682.9,661.6,665.6,667.3,668.15,2025-04-29
"TATAMOTORS",667,667,641.1,644.25,643.5,665.6,2025-04-30
"TATAMOTORS",641,661.35,635.55,652,652,644.25,2025-05-02
"TATAMOTORS",662.95,666.65,655.85,661.55,662.2,652,2025-05-05
"TATAMOTORS",661.55,663.2,645.5,648.2,647.55,661.55,2025-05-06
"TATAMOTORS",642,682.5,641.15,680.3,681.8,648.2,2025-05-07
"TATAMOTORS",700,704.5,677.2,682.85,680.4,680.3,2025-05-08
"TATAMOTORS",667.5,711,666,708.5,709,682.85,2025-05-09
"TATAMOTORS",728,732,711.2,720.8,719.7,708.5,2025-05-12
"TATAMOTORS",720.8,726,703.25,707.7,708.3,720.8,2025-05-13
"TATAMOTORS",690,708,686,698.95,700.2,707.7,2025-05-14
"TATAMOTORS",698.75,729.8,696.15,728.1,729,698.95,2025-05-15
"TATAMOTORS",730,742,725.55,730.7,731.1,728.1,2025-05-16
"TATAMOTORS",732,738.1,728,729.5,728.7,730.7,2025-05-19
"TATAMOTORS",730,737.75,717,718.9,720.7,729.5,2025-05-20
"TATAMOTORS",719,729.5,718,726.8,726.25,718.9,2025-05-21
"TATAMOTORS",725,725,710.65,717.45,718.5,726.8,2025-05-22
"TATAMOTORS",718.75,721.8,715,718.25,718,717.45,2025-05-23
"TATAMOTORS",722,738,721.2,729,729.2,718.25,2025-05-26
"TATAMOTORS",729,729.35,715.2,716.45,717,729,2025-05-27
"TATAMOTORS",720,722,716.2,717.95,717.25,716.45,2025-05-28
"TATAMOTORS",724.5,728.7,720,724.45,725.45,717.95,2025-05-29
"TATAMOTORS",724.45,728.55,712.5,719.5,718.65,724.45,2025-05-30
"TATAMOTORS",717,719,707.4,711.6,711.55,719.5,2025-06-02
"TATAMOTORS",715,718.35,702.3,703.85,704.3,711.6,2025-06-03
"TATAMOTORS",701.8,715.45,698.4,709.15,710.25,703.85,2025-06-04
"TATAMOTORS",712.8,714.45,704,710.15,710.1,709.15,2025-06-05
"TATAMOTORS",710,715.9,701.2,711,711.6,710.15,2025-06-06
"TATAMOTORS",715,726,713.1,717.8,717.5,711,2025-06-09
"TATAMOTORS",721,734.75,715.35,732.25,732.7,717.8,2025-06-10
"TATAMOTORS",734.95,744,730.15,736.4,734.6,732.25,2025-06-11
"TATAMOTORS",737,737.7,711.25,715.35,714.45,736.4,2025-06-12
"TATAMOTORS",700,714.95,698.3,712.05,713.75,715.35,2025-06-13
"TATAMOTORS",711,714,672.95,686.65,685.3,712.05,2025-06-16
"TATAMOTORS",686.1,686.15,672,674.75,673,686.65,2025-06-17
"TATAMOTORS",671.85,679.35,668,670.25,669.95,674.75,2025-06-18
"TATAMOTORS",670.25,676.3,666.65,672.3,671.4,670.25,2025-06-19
"TATAMOTORS",673.4,678.8,670.1,676.2,675.5,672.3,2025-06-20
"TATAMOTORS",670,676,666.1,671.25,671.8,676.2,2025-06-23
"TATAMOTORS",678,686.5,672,673.65,674.3,671.25,2025-06-24
"TATAMOTORS",676,679,673.45,674.5,674.45,673.65,2025-06-25
"TATAMOTORS",677,683.7,674.45,682.75,682.7,674.5,2025-06-26
"TATAMOTORS",685,691.45,683,686.9,687.5,682.75,2025-06-27
"TATAMOTORS",688.9,691.9,685,688,688.3,686.9,2025-06-30
